Word,0,1,2,3,4,5,6,7,8,9,10,11,12,13,14,15,16,17,18,19,20,21,22,23,24,Bigram,Conc.M,Conc.SD,Unknown,Total,Percent_known,SUBTLEX,Dom_Pos,mean_Clusters
ability,10,5,4,4,7,2,5,6,2,3,2,3,8,5,9,2,3,2,3,2,6,6,3,4,5,0,1.81,0.88,0,28,1,980,Noun,4.44
able,2,2,4,2,4,4,6,5,2,4,2,7,5,5,5,5,3,3,4,2,2,2,2,2,2,0,2.38,1.42,1,30,0.962962963,8155,Adjective,3.44
about,5,5,5,3,4,6,3,5,4,2,3,2,5,4,2,4,3,4,4,3,3,6,4,3,5,0,1.77,0.95,0,28,1,185206,Preposition,3.88
above,9,3,5,4,2,5,6,2,4,3,3,4,4,5,2,6,2,2,3,4,5,3,3,3,4,0,3.33,1.34,0,28,1,2493,Preposition,3.84
accept,2,2,4,5,5,3,5,2,9,2,5,3,3,5,2,3,2,3,3,2,8,2,2,2,3,0,3.03,1.57,0,28,1,2692,Verb,3.48
access,6,3,2,5,4,4,9,5,5,5,7,2,2,2,2,2,7,6,7,4,3,4,5,4,3,0,2.71,1.44,0,28,1,1615,Noun,4.32
accomplished,2,2,2,2,2,2,2,6,4,2,3,4,4,2,4,3,3,3,4,5,3,5,3,4,5,0,1.7,1.07,0,27,1,384,Verb,3.24
accordingly,3,5,10,9,8,3,8,3,3,6,3,2,2,2,8,6,5,9,4,4,5,7,3,10,6,0,1.58,0.92,0,29,1,93,Adverb,5.36
account,10,2,2,7,8,6,5,3,7,2,2,5,2,4,3,3,2,3,2,4,3,3,4,2,2,0,3.08,1.52,0,28,1,2280,Noun,3.84
accounting,8,5,2,3,2,8,2,4,2,9,3,2,9,4,8,3,8,2,2,2,3,2,3,2,8,0,3.27,1.66,0,28,1,230,Noun,4.24
acquire,7,4,3,3,2,3,10,4,2,3,2,2,2,4,2,4,2,7,6,5,2,8,4,2,8,0,2.93,1.27,0,28,1,135,Verb,4.04
across,2,3,6,4,3,2,9,3,2,3,3,10,5,3,5,5,3,2,2,4,2,3,3,2,4,0,3.07,1.21,0,28,1,4801,Preposition,3.72
act,8,2,4,5,3,4,10,2,6,2,7,3,2,2,3,3,2,8,2,6,2,2,4,4,4,0,2.46,1.27,0,27,1,5565,Verb,4
acting,2,6,2,5,2,8,4,7,3,5,2,2,3,3,2,2,2,2,2,2,8,2,9,2,6,0,2.54,1.35,0,27,1,2675,Verb,3.72
action,9,4,4,3,2,4,3,9,9,7,6,6,2,5,3,5,2,5,7,5,7,4,2,8,5,0,2.86,1.36,0,28,1,3115,Noun,5.04
active,3,2,3,3,2,4,2,2,5,2,5,2,8,3,2,3,3,2,2,3,4,2,3,3,3,0,3.32,1.25,0,31,1,584,Adjective,3.04
activity,2,2,6,2,4,2,5,9,2,3,7,2,4,2,2,2,2,6,3,2,4,2,2,3,2,0,2.72,1.4,0,28,1,657,Noun,3.28
add,6,2,4,8,9,2,8,3,9,5,10,9,2,3,3,2,5,8,7,6,2,2,6,2,3,0,3,1.51,0,28,1,1686,Verb,5.04
addition,4,6,2,3,4,5,2,5,4,3,2,3,5,2,3,2,5,4,4,5,6,2,2,3,5,0,2.89,1.37,0,28,1,395,Preposition,3.64
address,6,2,3,8,3,5,6,5,2,5,3,3,5,3,3,3,4,4,2,3,3,3,2,5,2,0,3.89,1.26,0,29,1,2666,Noun,3.72
adequate,3,2,10,5,4,5,3,7,5,7,2,3,4,2,7,2,2,4,3,8,3,3,2,2,2,0,1.97,1.09,0,30,1,132,Adjective,4
adjustment,2,3,2,2,3,2,3,3,7,2,4,4,5,3,3,4,3,6,3,2,4,2,4,3,9,0,2.81,1.33,0,28,1,158,Noun,3.52
adult,2,2,8,3,8,2,6,2,2,2,3,2,2,2,4,3,2,2,6,2,4,2,2,4,2,0,4.4,0.87,0,29,1,729,Noun,3.16
advance,6,2,5,7,4,2,5,5,6,3,2,2,9,5,2,2,5,2,4,8,4,2,2,3,2,0,2.57,1.26,0,28,1,815,Noun,3.96
advanced,7,4,7,2,2,7,3,10,7,2,10,3,2,2,9,4,2,7,3,2,5,7,3,3,2,0,1.83,1.23,0,30,1,451,Adjective,4.6
affect,6,5,6,5,10,2,8,3,7,2,8,10,3,9,2,2,7,6,8,2,4,3,2,4,2,0,1.93,1.11,1,27,0.964285714,568,Verb,5.04
afraid,2,2,4,2,4,5,4,4,4,3,2,4,5,4,4,2,4,4,4,4,5,3,3,4,4,0,2.7,1.39,0,30,1,12631,Adjective,3.6
age,9,2,2,4,2,2,2,5,2,3,4,3,3,5,3,2,2,2,2,3,3,5,2,2,5,0,2.86,1.53,0,28,1,4039,Noun,3.16
agency,6,6,9,3,2,5,2,4,3,2,2,4,3,3,4,6,3,5,3,5,2,5,5,4,2,0,3.87,1.23,0,29,1,991,Noun,3.92
agent,3,3,5,8,2,2,5,5,6,2,3,4,4,2,2,2,2,2,4,4,6,3,3,2,2,0,3.61,1.34,0,29,1,5235,Noun,3.44
agree,9,2,2,4,7,2,2,3,3,3,2,6,2,2,4,2,2,2,2,5,4,3,3,4,5,0,2.31,1.26,0,27,1,3298,Verb,3.4
ahead,5,5,8,8,2,10,3,9,7,5,6,4,2,3,3,3,4,9,7,2,2,2,9,9,7,0,3,1.33,0,30,1,10115,Adverb,5.36
aim,5,4,6,2,3,8,2,4,3,2,2,5,6,2,3,10,2,2,3,3,2,2,2,2,2,0,3.27,1.23,0,28,1,758,Verb,3.48
air,3,2,2,9,2,9,2,2,3,2,2,2,5,2,4,2,2,3,2,2,2,3,2,2,8,0,4.11,1.22,0,29,1,7090,Noun,3.16
alive,2,6,5,5,6,3,5,3,2,5,2,3,5,2,5,2,3,2,5,6,4,5,2,5,4,0,3.14,1.58,0,30,1,7878,Adjective,3.88
all,4,2,3,3,4,3,8,6,3,3,5,5,3,5,4,5,5,5,5,9,4,4,3,4,2,0,2.27,1.6,0,29,1,263255,Determiner,4.28
allocate,4,2,4,4,4,3,2,6,2,3,2,2,4,3,3,3,3,4,3,3,2,7,3,3,4,0,2.38,1.31,1,27,0.96,8,Verb,3.32
allow,3,6,3,2,10,4,4,4,5,3,2,3,2,2,3,3,3,2,9,2,2,4,4,3,2,0,2.41,1.21,0,27,1,2263,Verb,3.6
alone,3,2,8,2,2,2,3,9,3,3,8,2,3,2,5,2,6,2,4,2,3,2,3,5,2,0,2.86,1.6,0,30,1,15735,Adjective,3.52
amount,3,5,3,2,3,4,5,3,2,3,8,2,2,2,4,2,4,2,2,4,2,2,3,6,2,0,2.74,1.29,0,28,1,1262,Noun,3.2
analytical,2,5,8,8,2,6,2,3,2,2,2,3,2,2,8,4,2,4,4,2,8,7,3,2,2,0,1.86,1.21,0,30,1,30,Adjective,3.8
answer,4,2,4,2,3,2,5,2,6,2,7,4,4,2,3,5,4,2,3,5,5,3,2,2,4,0,2.89,1.45,0,28,1,8986,Verb,3.48
appeal,6,3,5,5,4,2,3,8,3,5,2,4,9,3,6,4,7,5,2,4,2,2,9,2,3,0,1.73,1.26,0,28,1,663,Noun,4.32
appear,2,5,3,2,4,6,2,5,5,2,3,2,3,2,4,4,2,5,7,8,5,4,2,6,6,0,3.13,1.41,0,28,1,1192,Verb,3.96
appearance,8,2,3,3,2,2,7,2,2,6,2,8,2,2,10,2,2,3,2,6,5,7,3,3,2,0,2.57,1.62,0,28,1,591,Noun,3.84
apply,5,2,3,2,2,2,2,2,7,2,3,3,2,3,2,2,2,3,2,2,2,2,4,2,2,0,2.5,1.4,1,27,0.965517241,638,Verb,2.6
appointment,2,5,3,2,4,5,2,3,4,9,2,2,2,2,2,4,4,3,2,9,2,2,3,2,2,0,3,1.29,0,28,1,1559,Noun,3.28
appreciate,5,4,2,2,4,5,3,2,4,2,2,2,2,3,2,2,2,3,5,2,3,3,2,3,5,0,2.23,1.17,0,27,1,4373,Verb,2.96
approach,3,4,2,2,4,6,3,4,6,8,2,2,2,4,3,3,3,3,2,2,4,8,3,3,8,0,2.74,1.35,0,28,1,1070,Noun,3.76
appropriate,4,7,3,3,2,4,5,5,4,2,4,2,9,7,2,5,2,2,4,4,7,4,2,9,5,0,2,1.07,0,30,1,657,Adjective,4.28
approval,3,4,3,2,2,7,2,2,2,2,3,2,2,2,3,3,2,2,8,5,5,2,2,3,3,0,2.33,1.05,0,28,1,428,Noun,3.04
area,4,5,5,2,2,2,8,4,7,3,8,3,3,2,4,4,6,4,2,6,3,8,3,5,4,0,3.72,1.28,0,29,1,3821,Noun,4.28
arm,2,3,4,2,3,3,2,2,3,3,5,3,3,3,2,3,2,2,3,4,4,4,2,3,2,0,4.96,0.19,0,29,1,3336,Noun,2.88
army,6,3,6,2,3,4,7,5,5,6,2,3,2,2,5,4,5,4,2,9,2,6,2,3,2,0,4.7,0.6,0,29,1,4370,Noun,4
around,2,2,3,2,3,2,9,3,4,2,5,8,3,2,2,4,4,4,2,8,2,2,6,2,2,0,1.96,1.17,0,29,1,37573,Adverb,3.52
arrange,2,2,2,4,5,3,3,2,2,2,4,3,3,5,3,4,5,2,5,5,3,4,2,3,2,0,2.79,1.35,0,28,1,791,Verb,3.2
arrangement,10,10,5,8,7,8,8,2,4,7,3,2,8,3,3,6,7,2,5,2,8,2,4,8,4,0,2.3,1.18,0,28,1,482,Noun,5.44
artillery,4,4,4,4,4,4,4,3,2,4,3,2,3,4,5,4,4,4,5,4,4,3,4,3,4,0,4.31,1.17,1,29,0.966666667,280,Noun,3.72
aside,2,4,2,5,5,2,4,5,4,5,5,5,4,2,2,2,4,3,4,3,5,4,2,3,2,0,2.21,1.21,0,30,1,1212,Adverb,3.52
ask,2,5,6,4,6,2,3,3,2,5,2,3,2,3,7,8,3,2,10,2,6,5,2,2,2,0,2.52,1.58,0,27,1,24640,Verb,3.88
aspect,8,10,2,7,4,2,7,10,4,7,3,3,3,2,4,6,5,3,2,6,10,10,3,9,8,0,1.82,1.1,35,28,0.994045594,197,Noun,5.52
assignment,6,5,2,3,3,5,2,7,5,4,2,6,6,3,6,4,3,5,3,4,3,3,2,4,3,0,3.86,1.35,0,29,1,912,Noun,3.96
assume,8,5,4,2,3,3,2,9,3,6,2,2,2,2,6,2,2,2,5,5,2,2,4,2,9,0,1.75,1.04,1,27,0.965517241,1707,Verb,3.76
assumption,2,2,5,4,2,3,8,4,2,4,3,3,2,4,2,2,3,2,3,6,5,6,9,4,4,0,1.84,1.04,0,28,1,170,Noun,3.76
assurance,2,5,3,4,3,4,4,2,4,4,4,5,2,3,2,2,2,4,3,5,5,2,3,2,5,0,1.76,1.02,0,28,1,104,Noun,3.36
assure,6,6,2,6,6,2,7,5,5,4,2,2,7,2,6,4,6,5,4,5,7,5,4,2,6,0,2.43,1.38,0,27,1,1021,Verb,4.64
atmosphere,2,6,8,2,2,7,9,9,2,3,3,2,2,2,2,2,10,3,5,4,3,3,3,2,3,0,3.04,1.45,0,28,1,493,Noun,3.96
attach,2,2,3,4,2,5,2,3,5,2,4,3,3,2,7,3,7,4,3,4,6,2,2,2,2,0,3.33,1.24,0,28,1,126,Verb,3.36
attack,2,3,2,2,3,9,4,6,4,2,2,2,4,2,4,2,3,2,4,2,2,3,2,3,2,0,3.71,1.18,0,29,1,3853,Noun,3.04
attend,8,6,2,5,5,7,8,7,10,3,2,8,2,2,2,2,2,7,10,3,10,5,2,10,2,0,3.17,1.2,0,28,1,715,Verb,5.2
attention,2,4,9,2,8,7,4,5,7,7,4,5,2,2,6,5,5,7,4,10,4,3,2,3,2,0,2.3,1.32,0,28,1,5032,Noun,4.76
attitude,9,2,2,3,8,8,3,6,7,2,10,3,6,3,2,2,4,2,2,6,2,2,7,2,4,0,1.97,1.02,0,28,1,1330,Noun,4.28
audience,5,3,4,5,2,2,2,7,2,6,5,2,2,5,9,3,4,9,7,10,3,10,3,2,10,0,4.29,0.9,0,29,1,1294,Noun,4.88
authority,2,5,3,7,2,7,2,5,3,6,7,2,3,4,3,4,2,3,3,4,2,3,2,5,2,0,2.34,1.29,0,28,1,1082,Noun,3.64
average,3,6,3,3,7,6,5,2,2,3,6,9,7,9,2,4,2,3,8,2,2,4,3,2,2,0,2.4,1.13,0,30,1,849,Adjective,4.2
award,9,9,9,3,5,2,10,9,2,2,3,2,6,9,6,2,10,2,6,3,2,10,8,5,8,0,4.14,1.01,0,29,1,657,Noun,5.68
away,2,3,2,3,2,6,2,4,2,4,3,2,2,2,2,3,2,4,2,8,2,8,3,6,2,0,2.23,1.41,0,30,1,37276,Adverb,3.24
back,5,3,4,2,6,2,2,5,4,3,6,2,2,2,2,2,3,3,3,2,2,2,4,4,5,0,4.33,1.15,0,30,1,102467,Adverb,3.2
background,2,2,2,2,3,3,2,5,2,3,2,2,2,2,2,2,2,2,10,2,2,2,2,2,2,0,3.26,1.36,0,28,1,899,Noun,2.56
bad,3,2,2,5,2,4,2,2,2,2,3,2,2,2,2,2,5,5,2,4,2,2,2,4,2,0,1.68,1.02,1,30,0.965517241,27804,Adjective,2.68
balance,2,3,2,3,3,2,3,2,3,2,7,2,2,2,3,2,7,3,2,2,2,3,2,4,3,0,2.89,1.34,0,28,1,764,Noun,2.84
bank,5,5,4,3,2,7,5,5,10,9,3,2,4,2,3,2,4,2,3,8,3,4,2,5,2,0,4.78,0.61,0,29,1,4334,Noun,4.16
bar,9,4,2,2,2,2,3,10,2,9,3,5,5,3,2,3,4,3,4,3,3,3,9,2,2,0,4.67,0.62,0,29,1,4385,Noun,3.96
base,5,2,2,2,6,3,2,3,2,2,2,2,8,2,2,4,2,4,2,2,2,2,2,5,3,0,3.86,1.48,0,29,1,1804,Noun,2.92
based,7,4,2,2,5,5,7,3,2,4,6,8,2,2,2,2,4,3,4,3,5,3,6,6,4,0,1.85,1.26,0,27,1,1357,Verb,4.04
basic,3,7,3,6,4,2,3,5,7,5,5,9,2,2,6,10,8,2,2,5,2,5,2,3,4,0,2.26,1.32,0,30,1,794,Adjective,4.48
bear,4,4,2,2,4,2,6,10,3,2,5,4,3,2,3,2,3,2,8,4,4,9,10,2,3,0,4.88,0.43,0,29,1,2928,Noun,4.12
become,3,6,6,3,2,4,5,6,2,3,3,2,3,6,6,2,2,5,2,2,7,3,3,2,2,0,1.54,0.84,0,27,1,5894,Verb,3.6
begin,2,3,5,3,5,4,2,2,4,9,2,6,5,2,2,8,4,2,3,3,8,5,9,9,2,0,2.56,1.42,0,27,1,2906,Verb,4.36
beginning,2,3,5,5,2,2,5,2,2,2,2,3,2,5,4,2,2,3,4,2,2,2,4,2,2,0,2.5,1.39,0,28,1,3219,Noun,2.84
behavior,2,3,3,3,2,10,3,4,2,4,2,2,4,2,3,3,10,3,5,5,3,4,2,3,3,0,2.19,1.22,0,28,1,1142,Noun,3.6
being,2,3,3,3,5,4,3,5,3,3,2,2,8,4,5,5,2,4,2,6,5,4,6,2,2,0,1.93,1.41,0,27,1,24781,Verb,3.72
belief,2,2,2,6,2,7,2,4,2,3,9,4,2,9,3,8,10,2,2,4,2,3,4,3,5,0,1.19,0.68,0,28,1,388,Noun,4.08
believe,10,8,3,4,5,2,9,2,5,5,3,2,2,2,4,2,8,2,3,4,3,3,4,5,2,0,1.55,0.95,0,27,1,31882,Verb,4.08
best,5,7,5,2,3,3,2,4,2,2,7,4,3,3,3,2,3,3,5,7,2,4,3,3,2,0,1.6,0.81,0,30,1,20623,Adjective,3.56
better,2,9,3,7,10,4,3,2,9,2,3,6,9,4,3,4,5,4,6,2,5,5,3,4,4,0,1.91,1.04,0,29,1,40494,Adverb,4.72
bid,2,3,2,2,3,3,2,2,3,2,2,2,3,6,4,2,4,2,2,2,6,3,2,2,3,0,2.71,1.24,0,27,1,642,Verb,2.76
big,5,3,2,4,4,2,3,2,3,4,4,4,3,5,4,5,3,2,5,5,2,4,4,4,4,0,3.66,1.56,0,31,1,34824,Adjective,3.6
bill,7,3,3,8,2,10,5,9,2,7,3,2,8,2,10,2,5,4,6,3,4,2,2,3,3,0,4.68,0.67,0,29,1,6041,Name,4.6
binding,6,3,5,5,3,4,7,2,4,7,3,4,6,2,10,10,4,7,2,3,2,4,5,4,5,0,3.39,1.5,0,31,1,111,Adjective,4.68
confine,2,2,3,2,2,2,2,5,2,2,2,2,2,2,2,2,5,2,2,2,3,3,5,2,2,0,3.07,1.05,0,28,1,50,Verb,2.48
conflict,2,8,2,5,3,2,7,4,2,5,2,4,3,4,2,5,2,3,5,2,3,3,2,4,5,0,2.21,1.2,0,28,1,444,Noun,3.56
conformity,2,3,2,3,2,10,2,4,3,2,6,4,3,3,2,3,2,3,3,2,3,4,2,2,2,0,1.79,1.18,0,28,1,19,Noun,3.08
congratulate,3,2,6,2,2,3,4,2,7,2,2,2,3,2,6,3,3,2,4,3,3,2,6,2,4,0,3.04,1.37,0,28,1,358,Verb,3.2
conjunction,2,2,2,6,5,7,3,3,4,4,8,5,2,2,2,7,3,10,2,6,5,2,2,3,3,0,2.15,1.35,0,28,1,66,Noun,4
connection,3,2,3,2,2,3,5,2,4,2,2,5,3,2,2,4,3,3,2,3,2,2,6,3,10,0,3,1.39,0,28,1,1386,Noun,3.2
conscious,2,2,6,3,2,3,7,7,5,2,2,5,7,2,2,5,9,6,2,2,6,2,2,2,2,0,2.03,1.43,0,30,1,347,Adjective,3.8
consequence,2,6,3,6,4,7,8,2,7,4,2,6,4,2,4,2,6,2,2,2,2,2,4,2,3,0,2.64,1.52,0,28,1,160,Noun,3.76
consider,10,5,4,5,3,2,7,5,5,2,5,2,4,3,5,3,6,2,5,6,3,6,2,8,3,0,1.68,0.98,0,27,1,2676,Verb,4.44
consideration,9,2,3,4,5,4,4,2,5,3,2,3,3,6,6,3,2,2,4,3,2,2,2,2,2,0,1.86,1.27,0,28,1,334,Noun,3.4
consolidation,2,2,3,3,2,6,9,2,3,2,4,2,7,9,2,3,3,2,2,4,2,6,3,8,2,0,2.79,1.38,0,28,1,10,Noun,3.72
constant,2,2,2,8,2,2,5,10,2,6,10,10,5,2,9,9,2,2,5,6,2,6,9,2,10,0,2.04,1.26,0,30,1,506,Adjective,5.2
construction,3,2,3,4,9,3,2,2,2,4,2,7,5,2,2,3,2,6,6,6,9,4,6,2,2,0,3.72,1.44,0,29,1,706,Noun,3.92
contact,8,3,7,5,4,6,5,2,7,2,2,2,4,6,3,6,4,2,2,3,6,3,4,3,3,0,3.86,1.41,0,29,1,3305,Noun,4.08
contain,2,2,5,3,2,2,2,7,2,2,2,3,2,8,2,9,2,2,2,2,5,4,4,9,3,0,2.74,1.2,0,27,1,310,Verb,3.52
content,2,2,2,2,5,7,5,2,4,3,4,3,7,6,2,2,2,2,8,2,3,9,2,2,2,0,2.59,1.45,0,28,1,389,Noun,3.6
continue,4,9,5,6,2,6,5,9,2,2,5,5,2,2,4,5,2,4,2,2,2,6,2,4,5,0,2.36,1.28,0,27,1,2527,Verb,4.08
contract,4,2,2,4,3,5,4,6,8,2,2,2,5,2,3,5,3,3,2,2,4,2,2,2,3,0,4.15,1.2,0,29,1,1650,Noun,3.28
contrary,9,10,8,7,3,9,8,2,4,9,2,5,4,2,3,10,8,2,2,4,4,2,2,7,3,0,1.56,0.89,0,28,1,454,Noun,5.16
contrast,3,2,2,6,2,2,2,4,5,2,2,3,2,2,6,5,2,5,5,4,5,9,9,4,3,0,2.64,1.31,0,28,1,107,Noun,3.84
control,2,2,2,9,4,2,6,6,5,2,4,2,4,3,7,3,3,2,2,5,4,3,3,2,4,0,1.93,1.13,0,28,1,6662,Noun,3.64
conventional,2,8,8,6,2,4,9,5,7,2,6,8,2,9,2,2,9,4,2,4,9,8,2,3,9,0,1.5,0.75,0,30,1,155,Adjective,5.28
convinced,3,5,2,2,2,3,2,9,9,2,2,5,2,5,7,2,3,2,3,2,6,4,9,9,2,0,2.07,1.33,0,27,1,1061,Verb,4.08
cooperation,5,6,3,3,4,5,5,4,6,7,8,2,4,9,6,6,5,5,4,7,3,4,5,4,2,0,2.03,1.13,0,28,1,407,Noun,4.88
coordinate,2,3,3,9,5,2,2,2,7,2,2,4,2,3,2,2,2,6,2,6,5,3,2,5,7,0,2.36,1.29,1,27,0.961538462,130,Verb,3.6
copy,6,2,3,5,4,7,2,2,5,4,2,7,6,3,6,6,2,6,2,6,6,2,6,4,3,0,3.9,1.35,0,29,1,2666,Noun,4.28
core,2,2,2,2,3,2,2,3,10,2,2,4,2,2,4,2,2,2,6,2,2,8,3,2,2,0,3.96,1.28,0,29,1,501,Noun,3
correct,3,8,5,2,7,2,2,9,9,7,3,6,2,2,6,8,6,8,7,2,3,9,5,8,5,0,2.59,1.34,0,30,1,2292,Adjective,5.36
count,2,4,3,4,2,2,5,2,2,4,4,2,4,3,7,3,2,2,3,2,2,2,4,3,3,0,3,1.41,0,28,1,4588,Verb,3.04
counter,2,2,2,2,3,8,6,4,2,2,8,5,2,6,2,2,3,3,3,2,5,3,3,3,2,0,4.17,1.07,0,29,1,709,Noun,3.4
country,10,5,6,5,4,4,5,2,6,6,2,8,2,5,3,6,2,3,2,5,5,2,3,3,4,0,4.17,1.18,0,29,1,8254,Noun,4.32
couple,3,2,2,2,3,3,2,2,2,3,2,2,6,2,3,6,3,2,3,5,2,2,2,2,10,0,3.93,1.21,0,29,1,11394,Noun,3.04
course,2,2,2,3,7,2,4,2,4,2,4,2,4,3,8,2,2,3,2,5,4,3,2,4,3,0,3.82,1.12,0,30,1,24848,Adverb,3.24
court,7,6,7,4,5,6,4,2,4,2,7,2,4,2,4,3,3,3,3,2,6,5,2,4,4,0,4.31,1.19,0,29,1,5137,Noun,4.04
cover,2,2,5,2,7,8,2,2,3,3,3,6,6,8,10,6,2,2,6,2,6,2,2,3,10,0,4.23,1.1,0,28,1,4808,Verb,4.4
creation,7,4,6,3,6,2,3,2,7,9,9,3,6,3,2,2,4,2,3,4,6,7,3,2,5,0,2.15,1.06,0,28,1,310,Noun,4.4
credit,2,2,8,3,3,6,3,10,4,3,4,2,3,3,7,2,6,6,4,2,3,5,5,6,2,0,2.71,1.49,1,28,0.965517241,2337,Noun,4.16
criminal,3,5,6,8,4,4,5,8,6,10,5,3,3,3,3,3,2,8,4,3,2,2,5,2,3,0,3.48,1.48,1,31,0.964285714,1758,Adjective,4.4
critical,4,7,7,7,6,3,5,5,2,3,4,3,4,3,4,8,4,5,5,7,4,6,3,4,5,0,2.14,1.43,0,30,1,625,Adjective,4.72
cross,6,2,3,2,4,10,2,2,8,4,3,2,3,3,4,3,5,2,5,3,4,2,6,8,3,0,4.44,1.19,0,28,1,2807,Verb,3.96
crucial,2,10,2,2,7,5,6,2,2,7,2,4,2,5,2,2,2,4,3,3,2,6,6,4,3,0,2.08,1.35,0,30,1,234,Adjective,3.8
cultural,3,8,4,3,8,2,4,7,4,6,6,3,3,6,5,5,5,10,6,6,8,3,5,4,2,0,2.1,0.82,0,30,1,202,Adjective,5.04
curb,2,5,5,3,2,3,2,4,5,2,3,5,2,3,2,3,3,4,2,3,3,4,4,5,3,0,4.68,0.63,0,29,1,209,Noun,3.28
cut,8,5,10,2,8,3,5,3,7,2,2,2,6,2,10,2,8,9,9,9,6,3,2,5,2,0,4.55,0.69,0,28,1,11718,Verb,5.2
cycle,5,5,8,5,4,3,3,4,5,8,2,10,6,3,4,3,4,8,4,3,5,2,3,4,2,0,3.64,1.58,0,29,1,300,Noun,4.52
danger,2,2,2,2,3,2,3,5,4,2,9,4,4,8,2,2,10,2,2,4,6,5,2,2,2,0,2.68,1.22,0,28,1,2227,Noun,3.64
date,2,2,9,3,6,7,7,6,2,5,2,2,7,5,5,3,5,3,4,3,3,3,4,3,3,0,3.9,1.21,0,29,1,7218,Noun,4.16
day,5,3,4,9,3,3,4,5,2,4,2,5,4,8,4,8,7,3,6,9,4,7,2,2,5,0,3.92,1.38,0,29,1,40893,Noun,4.72
dead,5,4,5,3,4,6,6,3,3,2,2,3,4,6,2,3,5,3,2,5,2,7,4,5,2,0,4.07,1.27,0,32,1,22898,Adjective,3.84
deal,9,4,2,2,9,2,3,4,3,5,2,2,3,2,2,5,6,3,2,4,2,2,3,8,2,0,3.1,1.18,0,28,1,13330,Noun,3.64
death,5,4,2,2,4,3,5,2,2,3,2,2,4,3,2,2,2,2,7,4,3,2,2,7,2,0,3.73,1.48,0,29,1,11051,Noun,3.12
debate,4,2,3,2,4,10,2,4,2,6,4,2,8,2,2,2,2,6,9,4,2,2,2,3,2,0,3.18,1.36,0,28,1,474,Noun,3.64
decide,9,2,2,3,3,3,3,5,7,9,9,5,8,2,2,10,5,4,2,2,9,2,10,4,10,0,1.92,1.25,0,27,1,2571,Verb,5.2
declaration,2,3,5,3,2,3,2,2,5,3,8,4,2,2,5,3,2,2,2,2,2,3,3,3,2,0,2.52,1.5,0,28,1,180,Noun,3
declare,5,5,5,3,2,5,3,2,4,5,2,2,2,4,3,5,3,3,5,5,2,2,4,2,5,0,2,1.28,0,27,1,386,Verb,3.52
decline,2,3,3,2,2,3,3,2,2,2,2,2,6,9,2,2,2,9,8,2,5,2,3,2,3,0,2.76,1.3,0,27,1,152,Verb,3.32
deep,2,6,3,5,6,9,8,2,2,2,6,2,2,4,3,2,2,3,2,2,2,3,2,5,8,0,3.38,1.35,0,31,1,3896,Adjective,3.72
defend,10,3,5,2,2,5,5,10,9,2,5,5,10,6,2,2,2,3,6,2,2,6,2,4,2,0,2.31,1.34,0,27,1,959,Verb,4.48
defense,10,2,3,4,3,4,4,2,2,2,7,3,2,4,6,7,4,2,2,2,2,3,2,3,4,0,2.45,1.43,0,28,1,1665,Noun,3.56
degree,2,2,8,2,2,4,2,2,2,2,3,2,2,2,2,2,7,9,4,4,2,2,2,3,2,0,3,1.66,0,28,1,759,Noun,3.04
delay,5,8,2,2,6,2,10,4,2,2,9,2,2,7,5,2,8,2,5,10,8,9,2,4,7,0,2.79,1.54,0,28,1,562,Noun,5
delegate,2,2,2,4,2,3,2,5,2,3,2,3,2,2,4,2,2,2,3,2,4,2,2,6,6,0,3.07,1.47,1,28,0.964285714,73,Noun,2.84
deliver,10,2,2,2,2,3,2,3,2,7,3,2,2,4,2,9,4,2,2,3,8,4,6,3,4,0,3.12,1.42,0,28,1,1446,Verb,3.72
demand,6,6,4,4,4,2,3,4,5,2,2,2,6,4,2,4,2,2,4,6,3,2,5,2,4,0,2.2,1.27,0,27,1,873,Verb,3.6
demonstration,2,2,6,7,2,7,2,2,7,2,3,2,5,8,6,7,4,2,2,2,2,3,5,2,2,0,3.75,1.17,0,29,1,366,Noun,3.76
department,8,2,4,6,2,4,3,4,2,2,4,7,9,6,2,3,3,2,3,8,2,2,4,3,5,0,3.3,1.44,0,28,1,3256,Noun,4
design,2,2,6,5,3,4,2,3,6,2,2,2,3,2,2,9,2,10,3,8,2,3,2,3,4,0,3.27,1.59,0,28,1,826,Noun,3.68
desire,8,2,2,2,2,6,7,2,4,2,4,2,3,4,2,3,2,4,2,2,3,3,3,3,8,0,1.7,1.26,0,28,1,1034,Noun,3.4
destruction,7,8,8,10,2,3,5,5,5,2,3,6,3,8,3,7,2,2,7,4,3,2,8,2,2,0,3.21,1.17,0,28,1,587,Noun,4.68
detail,7,2,2,5,2,2,3,3,4,3,2,5,3,3,2,2,9,4,5,4,2,7,2,9,3,0,2.5,1.2,0,28,1,989,Noun,3.8
determination,9,2,2,2,2,2,6,6,4,2,3,2,2,2,4,2,2,2,9,3,3,4,9,2,2,0,1.7,1.1,0,28,1,142,Noun,3.52
determine,6,2,4,9,2,5,2,2,2,2,2,5,2,2,2,2,2,6,6,5,7,4,4,8,4,0,2.13,1.22,0,27,1,428,Verb,3.88
devastating,3,2,2,6,2,2,4,2,2,3,2,3,4,2,3,7,2,2,3,3,2,4,3,3,4,0,2.1,1.14,0,30,1,139,Adjective,3
develop,3,3,3,2,5,4,7,2,2,2,2,2,2,4,3,2,2,2,4,10,2,2,7,2,3,0,1.87,0.94,0,27,1,490,Verb,3.28
device,4,4,3,3,3,3,5,2,4,3,2,4,3,2,5,2,4,6,3,2,3,3,3,3,3,0,3.97,1.33,0,29,1,926,Noun,3.28
difference,4,9,3,3,7,4,2,3,2,2,2,2,2,2,10,2,4,9,9,2,4,6,2,5,4,0,2.15,1.19,0,28,1,4066,Noun,4.16
direct,2,2,4,4,4,3,4,4,3,2,5,10,4,2,2,3,6,3,3,2,4,5,2,4,2,0,2.15,1.32,0,30,1,1226,Adjective,3.56
direction,3,5,3,4,6,9,5,7,5,2,3,2,7,2,6,3,2,2,5,2,4,4,2,3,3,0,2.79,1.08,0,28,1,1228,Noun,3.96
director,2,2,3,2,2,3,3,2,3,2,3,6,9,2,2,2,3,7,2,2,3,2,5,4,6,0,4.04,1.1,0,29,1,1834,Noun,3.28
discharge,6,8,7,5,5,5,4,2,4,2,2,2,2,6,2,3,3,4,2,3,9,4,2,2,4,0,3.83,1.32,0,29,1,327,Noun,3.92
discipline,2,4,6,3,2,6,2,4,3,2,4,5,5,3,6,5,2,4,4,5,5,2,4,3,4,0,2.24,1.24,1,28,0.966666667,462,Noun,3.8
discovery,4,5,2,3,4,4,4,3,2,5,2,2,4,2,4,3,4,3,5,5,5,2,4,5,3,0,2.36,1.42,0,28,1,584,Noun,3.56
discrimination,4,5,2,2,3,5,4,5,5,8,3,2,4,3,3,9,5,4,6,8,6,2,2,2,3,0,2.29,1.18,0,28,1,111,Noun,4.2
displacement,7,2,2,5,8,3,3,3,5,9,2,8,2,3,6,8,2,6,2,9,3,9,10,7,10,0,2.72,1.39,0,28,1,43,Noun,5.36
disposal,2,7,4,5,8,7,9,6,2,8,4,4,5,2,8,8,7,2,6,6,10,2,10,10,10,0,2.89,1.53,0,28,1,250,Noun,6.08
divide,2,4,2,2,4,4,2,2,5,2,2,5,2,2,4,3,4,4,3,2,2,2,4,3,3,0,2.86,1.36,0,28,1,298,Verb,2.96
division,5,6,4,4,3,6,4,7,2,7,2,2,2,2,2,2,2,2,2,6,6,2,2,4,7,0,2.8,1.35,0,28,1,946,Noun,3.72
do,6,6,4,4,2,2,4,6,2,4,3,4,8,3,5,5,5,6,4,3,5,5,4,6,5,0,2.46,1.57,0,27,1,312915,Verb,4.44
doctor,4,6,7,4,7,3,2,5,2,2,6,3,3,3,3,3,3,2,5,5,2,3,3,3,2,0,4.69,0.81,0,29,1,13461,Noun,3.64
domestic,8,2,4,2,6,2,2,4,2,2,4,3,2,4,7,2,2,3,7,3,3,2,4,3,5,0,2.57,1.23,0,30,1,351,Adjective,3.52
donor,2,10,2,3,2,7,3,6,6,2,2,3,4,6,3,2,7,2,2,5,6,9,2,3,2,0,3.54,1.3,0,29,1,208,Noun,4.04
double,5,4,2,3,3,2,4,4,10,7,9,2,8,2,2,2,2,9,9,3,5,2,2,2,6,0,3.37,1.35,0,31,1,3198,Adjective,4.36
down,8,2,4,5,2,4,6,2,9,5,2,2,10,6,4,2,6,4,8,2,2,7,9,2,2,0,3.52,1.5,1,30,0.966666667,76004,Adverb,4.6
draft,7,8,2,6,4,6,5,6,5,9,3,2,6,8,4,7,3,5,6,5,4,2,7,5,6,0,3.15,1.16,0,28,1,371,Noun,5.24
drafting,8,2,2,8,2,4,5,2,2,2,6,2,2,2,5,5,2,7,2,2,7,2,3,3,5,0,3.48,1.5,0,28,1,22,Verb,3.68
draw,5,10,4,7,8,7,4,6,6,7,3,4,4,2,2,2,7,3,4,6,8,2,9,8,2,0,3.97,1.1,0,28,1,2061,Verb,5.2
drawing,5,5,8,9,9,5,6,2,2,2,7,10,2,5,4,3,3,10,4,3,3,2,2,3,3,0,4.6,0.89,0,28,1,817,Verb,4.68
dream,5,2,3,2,2,3,3,2,3,3,2,2,2,2,2,3,2,2,4,5,2,4,2,3,5,0,2.6,1.52,0,28,1,6798,Noun,2.8
drive,4,8,8,6,7,5,5,4,4,2,8,3,6,5,6,2,4,4,6,5,2,3,2,3,8,0,3.86,1.21,0,28,1,7810,Verb,4.8
drop,8,2,2,3,3,2,2,4,3,7,2,5,3,2,7,2,2,3,2,2,2,5,2,2,2,0,4.21,1.32,0,28,1,6661,Verb,3.16
duration,3,5,9,3,7,2,4,3,2,2,2,2,2,2,10,2,4,2,2,6,2,7,2,5,2,0,2.08,1.02,0,28,1,81,Noun,3.68
duty,3,4,5,2,3,4,4,3,4,2,2,4,4,2,2,2,4,2,5,3,2,3,2,2,2,0,2.19,1.36,0,28,1,2599,Noun,3
early,4,4,5,5,2,4,6,2,2,4,2,2,5,2,6,5,2,2,8,5,2,4,2,2,3,0,2.25,1.38,0,30,1,5510,Adverb,3.6
earth,10,6,6,7,2,7,10,3,10,9,8,2,3,9,9,2,7,10,2,10,2,2,10,2,8,0,4.8,0.55,0,29,1,5074,Noun,6.24
east,8,7,2,3,8,2,3,2,3,9,2,5,5,7,2,2,10,2,3,5,2,8,6,5,4,0,3.04,1.59,0,28,1,2527,Noun,4.6
easy,7,3,4,3,9,2,2,2,8,8,5,2,2,2,2,5,2,2,2,9,2,6,2,3,2,0,2.07,1.41,0,30,1,13551,Adjective,3.84
economic,4,5,4,5,2,8,4,4,4,3,2,5,3,5,6,10,7,3,3,3,2,6,3,5,4,0,2.2,1.32,0,30,1,253,Adjective,4.4
educate,6,7,8,3,2,6,3,3,2,3,4,6,3,4,3,6,8,4,5,8,2,6,2,4,7,0,2.12,1.21,2,27,0.928571429,104,Verb,4.6
education,3,2,8,3,4,3,5,2,5,6,2,3,2,4,3,3,2,3,2,2,9,3,4,2,5,0,2.93,1.34,0,28,1,996,Noun,3.6
educational,4,2,3,2,2,3,2,5,2,2,8,6,3,2,3,3,2,2,2,5,3,6,6,3,2,0,2.1,1.24,0,30,1,167,Adjective,3.32
effect,5,5,7,3,3,5,2,3,5,2,4,3,2,2,4,3,5,2,2,3,5,7,2,6,5,0,1.8,1.19,0,28,1,1219,Noun,3.8
effective,5,2,7,5,3,8,4,2,7,5,2,3,2,2,2,3,3,4,7,6,4,2,4,5,2,0,2.04,1.37,0,30,1,536,Adjective,3.96
elaborate,6,7,5,2,4,2,2,3,2,6,3,2,5,3,4,2,3,3,2,4,3,2,5,4,3,0,2.68,1.39,1,30,0.965517241,242,Adjective,3.48
election,5,4,7,2,2,8,10,3,5,2,2,3,2,9,10,2,4,3,2,5,2,2,3,5,2,0,3.17,1.42,0,28,1,560,Noun,4.16
electricity,2,3,3,2,4,3,5,4,5,2,7,3,3,6,2,7,3,2,3,8,3,2,4,3,2,0,3.9,1.4,0,29,1,584,Noun,3.64
eliminate,2,4,8,6,5,2,5,3,3,6,8,2,3,2,3,2,3,2,3,2,3,2,4,7,2,0,2.77,1.45,2,27,0.928571429,305,Verb,3.68
emergence,3,5,8,3,7,3,2,4,8,2,2,2,2,10,3,4,4,3,3,7,6,2,9,6,3,0,2.56,1.23,2,28,0.925925926,10,Noun,4.44
emphasis,3,7,7,2,2,5,3,4,7,3,3,2,5,3,6,4,7,2,3,2,2,4,4,3,4,0,2.12,1.24,0,28,1,65,Noun,3.88
encourage,7,4,5,2,2,4,4,3,6,5,5,3,2,2,2,2,2,3,4,3,2,3,2,2,3,0,2.61,1.34,0,27,1,308,Verb,3.28
end,7,4,5,5,5,4,5,5,6,9,6,9,2,7,6,5,4,4,6,5,2,4,4,5,3,0,3.14,1.63,0,28,1,13559,Noun,5.08
endeavor,3,9,9,2,2,5,2,2,2,3,5,3,3,2,3,3,2,3,3,2,4,6,2,7,3,0,2.21,1.1,0,28,1,76,Noun,3.6
energy,3,4,7,3,2,4,6,6,2,4,5,2,2,6,2,3,3,3,4,3,3,2,3,4,2,0,3.11,1.48,0,28,1,1678,Noun,3.52
engage,10,2,2,2,2,3,3,3,7,3,5,2,2,5,2,7,5,2,2,2,2,2,7,2,5,0,2.07,1.28,0,27,1,314,Verb,3.56
engagement,2,2,2,4,2,4,2,7,9,4,6,2,9,2,2,5,4,5,2,10,4,2,2,5,3,0,2.75,1.46,0,28,1,666,Noun,4.04
enhance,2,5,8,2,5,5,6,10,3,3,2,2,7,7,3,2,7,8,5,2,3,4,2,2,7,0,2.21,1.34,0,27,1,125,Verb,4.48
enjoy,2,10,2,2,9,6,6,2,4,2,5,2,2,3,3,3,2,7,9,4,2,3,4,2,3,0,2.29,1.54,0,27,1,4222,Verb,3.96
enough,5,5,2,9,2,4,3,2,8,8,2,2,2,3,7,4,6,2,2,2,6,3,3,4,4,0,1.33,0.68,0,29,1,25568,Adverb,4
enter,4,8,3,8,6,4,7,6,3,10,4,10,2,7,2,7,8,3,2,4,2,3,3,2,2,0,3.12,1.21,0,28,1,1516,Verb,4.8
entire,3,2,3,6,5,9,5,2,2,7,8,7,3,10,2,8,2,3,4,3,2,2,9,2,2,0,2.03,1.1,0,30,1,4070,Adjective,4.44
entry,4,5,2,3,10,3,5,2,4,7,2,2,7,5,2,3,2,10,10,2,2,2,2,3,2,0,3.62,1.52,0,29,1,620,Noun,4.04
environment,6,2,7,5,9,9,4,4,3,2,7,7,5,5,5,4,9,2,3,4,5,4,2,4,2,0,3.74,1.46,0,29,1,652,Noun,4.76
epidemic,3,5,4,5,2,6,5,6,2,2,3,2,5,6,4,4,2,3,5,6,4,5,3,6,2,0,3.23,1.28,0,28,1,174,Noun,4
essential,2,9,4,3,3,4,5,4,3,4,3,2,2,3,3,2,2,2,2,2,2,6,5,2,3,0,1.52,0.8,0,30,1,247,Adjective,3.28
establish,2,4,5,8,6,9,4,7,5,2,2,4,5,3,9,3,7,10,7,5,3,2,7,4,3,0,2,1.19,0,27,1,323,Verb,5.04
establishment,3,6,2,5,2,4,2,5,3,2,6,5,2,2,2,2,2,2,2,2,2,2,3,3,3,0,3.48,1.34,0,29,1,210,Noun,2.96
estimate,6,4,3,3,2,2,3,4,3,3,2,6,2,2,2,5,2,3,2,2,5,2,2,5,3,0,2.65,1.13,0,28,1,243,Noun,3.12
ethical,5,5,2,2,3,2,6,5,2,4,7,5,2,4,2,3,6,2,5,3,3,2,7,6,5,0,1.3,0.67,0,30,1,139,Adjective,3.92
evaluation,7,2,4,6,2,5,6,2,3,7,5,3,2,3,8,2,2,2,5,4,2,3,6,3,3,0,3,1.35,1,28,0.958333333,225,Noun,3.88
even,6,2,7,9,2,8,3,5,2,9,2,8,4,2,5,2,7,4,4,5,4,5,4,2,4,0,2.79,1.1,0,30,1,44672,Adverb,4.6
ever,3,2,4,3,3,8,5,2,4,8,2,2,2,2,2,3,9,3,5,2,4,2,2,4,4,0,1.48,0.85,0,29,1,36170,Adverb,3.6
evidence,4,4,4,4,4,4,3,5,3,2,2,8,5,2,4,3,7,2,2,7,3,3,2,2,2,0,3.65,1.29,0,29,1,4335,Noun,3.64
evil,9,2,7,4,6,7,5,4,4,10,5,9,3,2,9,9,3,2,5,3,10,9,2,2,9,0,1.93,1.44,0,30,1,3731,Adjective,5.6
exact,2,2,3,2,4,4,2,2,3,2,5,4,2,3,5,5,2,4,4,3,4,2,2,6,2,0,2.54,1.37,0,30,1,1154,Adjective,3.16
examine,2,4,3,2,5,3,10,5,4,2,8,5,2,4,3,3,5,3,3,3,2,3,2,2,5,0,2.86,1.27,0,28,1,504,Verb,3.72
example,6,2,2,2,4,3,4,3,5,4,3,9,4,2,2,5,4,3,5,2,7,3,7,3,4,0,3.03,1.45,0,28,1,1527,Noun,3.92
exceed,2,10,8,5,2,3,2,9,8,8,2,3,2,2,4,2,4,4,4,3,3,2,3,2,3,0,1.76,1.15,0,27,1,64,Verb,4
except,2,4,2,2,6,3,5,3,4,3,2,9,2,3,3,2,2,2,3,2,5,2,2,3,2,0,1.48,0.75,0,29,1,5696,Conjunction,3.12
exception,7,3,9,2,6,2,3,2,5,9,5,7,2,2,2,2,3,2,10,7,2,5,2,2,2,0,1.85,1.06,0,28,1,409,Noun,4.12
excess,4,2,2,7,4,3,2,2,2,2,6,2,6,3,2,7,6,7,2,2,3,4,3,2,5,0,2.5,1.29,0,30,1,156,Adjective,3.6
exchange,6,6,2,4,3,4,6,7,2,2,8,3,2,2,3,6,2,2,3,3,2,3,2,3,2,0,2.74,1.43,0,28,1,1031,Noun,3.52
executive,2,7,3,8,2,7,3,2,5,5,3,7,2,2,5,4,2,2,3,2,2,6,3,4,2,0,4,1.3,1,29,0.962962963,541,Noun,3.72
exercise,10,4,2,3,3,2,5,4,2,2,2,4,7,7,4,2,4,4,4,4,3,2,2,2,4,0,3.87,1.2,0,29,1,904,Noun,3.68
expand,2,4,6,3,5,10,9,5,3,3,5,3,6,6,2,2,2,2,3,3,7,6,2,4,3,0,3.36,1.42,0,28,1,178,Verb,4.24
expense,10,7,2,10,4,2,3,3,3,4,10,5,5,3,3,5,8,6,4,2,2,2,2,7,8,0,2.57,1.43,0,28,1,380,Noun,4.8
experience,8,7,7,8,3,6,2,6,5,9,5,8,4,2,7,4,4,2,6,4,5,7,6,5,3,0,1.8,1,0,28,1,3088,Noun,5.32
expert,9,5,6,2,10,2,3,4,2,2,8,8,9,3,4,10,3,9,2,2,3,3,3,2,2,0,2.85,1.52,0,28,1,1128,Noun,4.64
explain,3,2,4,2,10,2,6,2,2,4,9,3,7,2,6,9,10,2,5,8,2,6,4,2,3,0,1.97,1.05,0,27,1,5670,Verb,4.6
explanation,4,3,2,9,3,2,2,5,9,7,2,5,2,2,2,3,2,4,2,10,2,2,5,7,2,0,1.87,1.02,0,28,1,1023,Noun,3.92
exploration,3,9,6,7,5,5,7,10,7,2,8,2,2,2,6,5,6,4,5,6,2,5,10,2,5,0,2.83,1.34,0,28,1,96,Noun,5.24
explore,2,9,2,4,3,9,4,10,3,2,9,9,3,2,2,2,2,2,2,7,5,2,4,2,2,0,2.9,1.26,0,28,1,317,Verb,4.12
express,4,4,4,2,3,2,3,7,3,2,5,2,2,3,8,2,4,9,3,2,2,2,6,3,2,0,2.21,1.15,0,27,1,914,Verb,3.56
expression,4,4,4,9,2,4,3,2,8,4,10,2,10,2,7,4,8,3,5,3,6,4,2,5,2,0,2.54,1.37,0,28,1,651,Noun,4.68
extend,4,3,2,2,3,6,4,6,2,9,3,3,4,3,2,2,2,2,8,2,3,7,4,2,2,0,2.93,1.23,0,28,1,327,Verb,3.6
extension,5,6,3,2,7,6,3,2,2,4,10,2,9,8,5,4,3,10,2,3,10,2,3,2,8,0,2.93,1.25,0,28,1,275,Noun,4.84
extreme,2,7,4,7,4,7,3,7,3,4,2,2,3,6,6,2,5,3,4,4,4,5,3,4,2,0,1.96,1.13,0,30,1,558,Adjective,4.12
face,2,3,9,2,2,10,2,5,5,3,9,3,3,5,2,6,3,8,4,9,2,6,7,5,3,0,4.87,0.43,0,29,1,14747,Noun,4.72
factor,4,3,4,2,3,3,3,3,4,5,9,6,3,5,3,2,2,5,4,3,5,5,2,5,2,0,2.79,1.45,1,28,0.965517241,370,Noun,3.8
fail,3,5,2,9,9,3,9,3,3,2,4,2,3,2,6,6,2,2,6,8,4,7,2,10,2,0,3,1.44,0,28,1,1254,Verb,4.56
failure,2,3,10,3,4,4,2,6,3,3,2,3,4,10,2,5,5,5,9,6,4,7,3,2,2,0,2.08,1.06,0,28,1,1021,Noun,4.36
fall,5,4,7,9,10,6,4,4,10,3,10,2,2,7,7,2,2,7,8,8,5,10,7,6,2,0,4.04,1.08,0,28,1,6044,Verb,5.88
familiar,5,2,5,4,2,5,2,4,2,2,10,4,4,2,3,2,4,3,2,2,2,8,2,7,7,0,2.03,1.15,0,30,1,1760,Adjective,3.8
family,2,8,4,5,3,5,4,2,2,2,2,5,2,2,5,4,4,4,2,2,8,2,4,4,2,0,4.23,0.86,0,29,1,18067,Noun,3.56
far,4,6,2,5,7,4,2,4,2,7,2,3,6,5,4,2,2,6,2,7,8,6,6,2,3,0,2.71,1.38,1,30,0.965517241,11259,Adverb,4.28
father,2,2,2,6,5,9,3,9,3,4,6,8,2,10,3,3,4,9,5,8,2,2,10,4,4,0,4.52,1.02,0,29,1,28279,Noun,5
favor,3,6,2,5,4,6,4,3,3,2,3,9,2,2,2,9,4,5,2,4,4,5,3,2,2,0,2.07,1.19,0,28,1,3609,Noun,3.84
fear,2,3,4,2,2,3,2,2,2,3,2,2,2,2,2,10,2,4,3,2,2,2,3,2,4,0,2.57,1.48,0,28,1,3523,Noun,2.76
feature,3,4,4,4,4,2,3,4,2,7,3,5,4,3,3,4,4,2,5,2,2,2,2,3,4,0,2.96,1.35,0,28,1,298,Noun,3.4
feed,3,5,4,6,6,4,2,5,6,2,7,7,4,2,3,5,4,7,2,2,2,6,2,2,2,0,4.17,1.18,0,28,1,2162,Verb,4
feel,5,2,9,3,10,3,4,5,2,3,2,3,6,2,3,6,2,2,2,2,5,3,10,5,2,0,2.28,1.41,0,27,1,31989,Verb,4.04
field,3,2,8,4,3,3,7,7,6,5,2,2,6,2,2,4,3,5,3,3,3,2,6,6,5,0,4.26,1.02,0,29,1,3580,Noun,4.08
fight,2,5,2,6,3,4,4,3,7,9,2,3,4,2,2,8,3,10,8,2,2,7,3,5,3,0,4.2,0.82,0,28,1,10255,Verb,4.36
figure,6,2,2,2,2,3,2,3,4,3,9,2,3,2,8,4,3,2,2,2,2,2,3,2,6,0,3.63,1.11,0,28,1,6598,Verb,3.24
file,3,2,3,5,3,9,2,2,3,2,2,8,2,7,3,5,2,2,3,2,2,2,2,3,2,0,4.41,0.8,0,29,1,2246,Noun,3.24
fill,7,5,2,10,8,4,5,3,4,9,2,7,2,2,9,3,2,7,2,2,5,7,6,3,7,0,3.32,1.25,0,28,1,2241,Verb,4.92
filling,3,3,3,2,2,4,3,2,2,3,3,3,2,2,2,5,4,3,4,4,3,3,2,2,2,0,3.84,1.21,0,28,1,494,Verb,2.84
final,9,3,4,6,2,10,5,2,4,2,2,5,6,2,5,4,7,3,3,2,2,6,2,6,6,0,2.67,1.39,0,30,1,2533,Adjective,4.32
finally,9,5,3,4,3,2,3,2,3,5,2,4,4,5,5,7,4,5,2,2,5,2,4,2,7,0,1.67,0.96,0,29,1,5989,Adverb,3.96
finance,2,3,9,3,4,4,3,8,2,4,10,6,8,5,2,4,4,2,4,2,4,2,3,3,7,0,3.36,1.34,0,29,1,273,Noun,4.32
find,3,3,2,5,2,4,2,8,4,2,4,2,2,3,2,3,2,2,2,2,3,2,2,5,6,0,2.63,1.5,0,27,1,42379,Verb,3.08
finding,2,7,2,2,9,2,2,8,3,2,2,2,8,9,2,3,2,2,4,2,2,2,2,3,3,0,2.89,1.52,0,28,1,1935,Verb,3.48
fine,6,2,3,10,2,3,4,2,2,2,3,6,2,5,3,3,8,2,4,3,2,2,9,9,7,0,2.61,1.47,0,30,1,30502,Adjective,4.16
fire,6,3,2,2,2,2,3,3,3,3,2,3,3,2,3,2,2,3,2,2,2,2,2,3,3,0,4.68,0.75,0,29,1,10990,Noun,2.6
firm,5,2,10,8,9,5,5,10,6,3,5,3,2,2,2,2,7,2,5,2,6,2,2,5,2,0,3.54,1.37,1,29,0.965517241,1799,Noun,4.48
first,3,3,4,4,8,6,3,4,4,4,4,4,3,4,6,3,3,5,5,2,5,2,2,3,3,0,2.76,1.43,0,28,1,42869,Number,3.88
fish,6,3,9,4,2,2,3,9,5,3,2,9,9,9,7,2,9,3,9,9,2,3,2,6,2,0,5,0,0,29,1,4258,Noun,5.16
fit,6,2,3,3,2,3,2,3,5,7,7,2,4,2,7,6,2,6,4,7,2,2,3,2,3,0,2.7,1.34,0,27,1,2937,Verb,3.8
flag,5,3,3,2,3,4,2,3,2,2,2,2,2,4,2,2,2,2,2,2,2,4,4,3,3,0,4.79,0.62,0,29,1,892,Noun,2.68
flight,2,3,6,4,3,4,6,9,2,3,3,5,3,2,9,2,3,10,2,8,2,2,6,3,10,0,3.9,1.29,0,29,1,3044,Noun,4.48
floor,2,7,2,4,3,7,2,2,2,4,4,8,3,2,4,2,9,2,9,2,2,5,2,2,2,0,4.8,0.81,0,29,1,5132,Noun,3.72
flow,2,2,4,4,2,5,2,10,10,3,10,6,6,2,10,2,4,3,2,3,5,7,3,2,6,0,3.72,1.28,0,29,1,701,Noun,4.6
focus,3,7,4,3,2,4,2,2,6,5,2,2,4,2,2,3,2,3,4,3,2,4,4,6,4,0,2.35,1.25,0,27,1,1499,Verb,3.4
follow,6,3,3,9,6,2,9,6,10,2,3,5,2,5,5,3,8,2,3,2,7,2,2,4,4,0,3.26,1.35,0,28,1,6283,Verb,4.52
food,10,4,2,2,3,5,4,9,6,9,7,2,6,5,5,2,3,3,3,4,2,3,4,6,2,0,4.8,0.82,0,29,1,7876,Noun,4.44
force,8,6,3,7,4,5,3,5,6,4,5,2,4,2,3,7,7,4,5,4,2,5,7,5,6,0,3,1.44,0,28,1,3604,Noun,4.76
form,2,5,2,2,2,6,2,2,3,2,9,2,4,9,4,2,2,4,2,2,4,3,2,3,3,0,3.13,1.59,0,28,1,2180,Noun,3.32
formal,2,3,4,3,2,4,4,3,4,3,2,2,3,4,2,2,2,3,3,2,2,2,2,2,2,0,2.7,1.2,0,30,1,424,Adjective,2.68
formation,2,2,2,4,5,10,2,3,4,9,4,3,8,2,3,2,2,2,10,2,2,4,2,2,3,0,3.23,1.42,1,28,0.962962963,203,Noun,3.76
former,3,2,3,2,2,4,6,5,3,3,2,6,3,2,7,3,2,2,3,5,3,2,5,2,2,0,2.18,1.12,0,29,1,932,Determiner,3.28
formula,2,2,3,4,2,3,2,9,6,3,6,7,6,4,2,2,4,2,4,4,4,2,2,3,4,0,4.11,1.34,0,29,1,401,Noun,3.68
foundation,4,8,6,3,8,7,4,5,4,9,8,3,6,10,2,7,9,10,3,10,5,10,9,4,6,0,3.74,1.16,0,29,1,740,Noun,6.4
fourth,10,2,3,4,6,5,6,2,2,9,4,2,5,2,5,6,5,7,2,3,6,2,2,2,2,0,3.39,1.47,22,28,0.99627245,1349,Number,4.16
frame,4,6,7,9,7,6,6,5,6,3,7,9,6,9,3,5,6,10,4,3,8,7,8,7,6,0,4.3,1.23,0,29,1,719,Noun,6.28
fraud,2,2,2,4,2,3,4,2,4,8,4,5,2,10,6,3,2,3,5,2,2,2,2,2,3,0,1.68,0.86,0,28,1,512,Noun,3.44
free,6,7,10,5,6,5,6,4,3,3,2,5,5,2,8,3,3,6,3,4,2,7,2,4,4,0,2.04,1.22,0,30,1,9054,Adjective,4.6
frequency,2,2,3,3,2,2,4,2,2,3,4,2,5,5,4,2,2,3,4,2,6,2,2,3,5,0,2.69,1.39,0,28,1,337,Noun,3.04
fresh,2,3,3,3,10,5,2,8,3,6,2,3,2,3,2,2,2,2,2,4,7,3,3,7,2,0,1.97,1.03,0,30,1,2780,Adjective,3.64
friendly,10,2,7,4,4,2,4,4,2,9,4,2,6,10,2,3,3,6,10,3,2,3,2,2,3,0,2.32,1.33,0,30,1,1328,Adjective,4.36
front,3,2,2,3,2,2,2,2,2,10,5,3,2,2,2,10,2,2,2,2,3,4,3,4,2,0,3.77,1.3,0,28,1,9259,Preposition,3.12
full,7,5,3,2,7,5,3,4,2,3,2,6,7,5,5,5,5,5,2,5,5,3,5,10,5,0,3.59,1.19,0,31,1,8512,Adjective,4.64
fully,2,6,5,8,5,3,4,7,4,3,8,3,2,7,4,5,6,5,2,4,5,5,5,3,6,0,1.89,1.28,0,29,1,880,Adverb,4.68
function,7,3,3,2,10,4,5,2,2,3,8,3,2,2,5,3,2,6,3,8,2,3,9,6,8,0,1.92,1,0,28,1,565,Noun,4.44
fundamental,2,7,2,3,2,3,8,3,2,2,5,2,2,5,2,2,2,6,4,5,2,5,3,2,2,0,1.57,0.92,0,30,1,167,Adjective,3.32
further,2,4,2,2,2,9,5,4,7,3,3,3,4,3,4,5,2,6,6,2,4,4,4,4,3,0,1.88,1.17,3,29,0.892857143,2690,Adverb,3.88
future,2,2,8,4,2,2,10,3,7,5,6,6,4,4,2,2,2,5,4,5,2,2,6,2,2,0,1.86,1.3,0,28,1,5278,Noun,3.96
gain,10,2,2,7,2,4,2,2,3,9,10,4,2,3,5,3,6,2,2,2,7,2,4,10,2,0,2.24,1.02,1,27,0.966666667,700,Verb,4.28
gap,9,2,6,2,3,3,3,2,3,4,2,2,2,2,10,5,6,4,2,2,2,7,8,2,3,0,3.92,1.26,0,29,1,218,Noun,3.84
gas,7,3,3,10,6,2,4,2,7,2,4,4,10,4,9,6,2,5,3,10,3,4,5,3,2,0,4.29,0.91,2,29,0.999670619,3457,Noun,4.8
gather,2,5,2,2,5,2,3,5,3,4,2,2,2,4,2,2,2,3,5,2,4,2,5,3,5,0,2.75,1.42,0,27,1,799,Verb,3.12
generally,2,3,5,4,4,6,5,8,5,4,3,7,4,5,4,8,4,9,7,9,6,4,6,7,2,0,1.65,1.06,0,29,1,424,Adverb,5.24
generation,2,2,2,2,3,2,2,5,2,2,2,3,4,3,2,3,2,3,2,2,4,2,2,4,3,0,1.96,1.07,0,28,1,619,Noun,2.6
get,2,2,7,2,4,3,8,8,5,3,4,3,6,3,2,3,2,4,2,7,2,3,2,3,2,0,2.38,1.35,0,27,1,233772,Verb,3.68
girl,9,5,3,2,2,5,3,2,6,2,8,6,8,3,5,6,3,3,7,5,3,8,7,5,2,0,4.85,0.46,0,29,1,28413,Noun,4.72
give,5,3,3,5,4,2,2,6,3,2,2,4,2,3,2,2,2,10,2,3,4,3,4,2,3,0,2.83,1.42,0,28,1,59559,Verb,3.32
glad,9,3,8,4,2,3,2,9,2,2,2,5,5,2,2,2,2,6,2,7,2,2,2,2,2,0,2.36,1.37,0,30,1,8740,Adjective,3.56
go,2,5,3,3,2,2,3,2,2,5,6,2,2,7,2,2,3,4,2,2,3,2,5,2,6,0,3.15,1.38,0,28,1,193445,Verb,3.16
good,2,4,9,2,8,2,7,2,3,2,2,8,3,4,6,4,3,2,6,4,4,2,4,6,3,0,1.64,0.86,0,30,1,133117,Adjective,4.08
govern,3,5,3,4,2,2,2,2,7,4,2,2,2,7,2,2,6,7,3,3,5,6,4,2,7,0,2.21,1.21,0,27,1,62,Verb,3.76
government,4,5,4,6,4,5,5,5,5,4,6,2,2,2,3,7,3,7,2,5,6,4,5,2,2,0,2.88,1.39,0,28,1,3327,Noun,4.2
grant,3,3,7,6,10,10,2,3,2,8,6,6,4,9,7,10,6,4,2,8,2,7,10,10,10,0,3.53,1.25,0,29,1,1660,Name,6.2
ground,10,2,2,4,2,3,3,3,2,2,2,4,2,3,2,2,2,6,2,3,2,7,3,6,4,0,4.77,0.57,0,29,1,3696,Noun,3.32
grow,2,3,3,2,2,2,2,2,3,2,4,8,3,2,2,2,6,2,2,2,3,2,2,2,10,0,3.03,1.54,0,28,1,3034,Verb,3
growth,4,5,5,2,4,2,2,2,5,6,4,2,2,4,3,6,2,7,6,3,4,6,2,5,2,0,2.89,1.37,0,28,1,329,Noun,3.8
guarantee,2,5,5,4,7,5,3,2,2,3,7,2,8,2,7,3,2,5,2,2,9,3,5,8,2,0,1.96,1.09,0,27,1,1123,Verb,4.2
guard,2,2,2,5,4,2,6,3,2,3,5,4,3,2,2,2,2,5,2,4,3,3,4,6,2,0,4.04,1.29,0,29,1,2968,Noun,3.2
guidance,3,2,2,10,2,9,2,7,5,2,2,10,2,8,2,3,3,8,2,4,5,4,3,3,2,0,2.46,1.36,0,28,1,376,Noun,4.2
guide,7,2,2,3,2,6,5,4,3,10,2,3,2,3,2,2,2,3,2,5,8,4,6,10,2,0,3.7,1.35,0,29,1,910,Noun,4
hall,2,3,4,5,2,2,4,2,2,6,4,3,2,5,5,3,3,5,6,3,2,4,6,5,5,0,4.67,0.62,0,29,1,2649,Noun,3.72
halt,2,6,2,4,4,4,2,3,2,2,5,3,3,4,4,2,2,2,5,5,6,6,6,6,2,0,3.38,1.37,0,28,1,575,Verb,3.68
hand,4,6,4,3,4,4,2,2,6,2,4,3,2,7,8,9,4,4,3,3,2,2,3,6,4,0,4.72,1.03,0,29,1,14262,Noun,4.04
happen,4,7,4,2,2,7,5,2,3,2,2,7,2,3,5,2,2,2,3,2,3,2,3,2,4,0,1.78,1.12,0,27,1,12968,Verb,3.28
hard,2,7,3,4,3,2,2,2,6,5,3,2,3,2,2,2,2,8,3,2,2,3,7,2,2,0,3.76,1.3,0,31,1,15700,Adjective,3.24
harmony,3,3,2,2,3,4,2,2,2,3,3,2,2,3,2,2,4,3,2,5,2,5,2,6,4,0,2.46,1.23,0,28,1,419,Noun,2.92
head,2,8,2,3,2,3,6,6,2,3,5,7,4,6,2,5,7,2,8,7,2,5,8,2,2,0,4.75,0.65,0,29,1,18947,Noun,4.36
headed,3,5,4,4,8,2,7,4,6,6,4,2,5,3,4,6,3,2,5,2,2,9,8,3,2,0,2.67,1.21,1,27,0.964285714,1570,Verb,4.36
headquarters,2,8,6,4,5,2,3,8,4,9,6,3,3,3,8,2,3,2,3,2,9,3,4,2,10,0,4.14,1.19,0,29,1,839,Noun,4.56
heart,3,2,4,5,6,2,7,3,2,9,10,2,2,6,2,7,3,9,2,3,3,2,3,2,3,0,4.52,0.95,0,29,1,12453,Noun,4.08
heavy,3,8,8,3,4,2,4,2,2,2,5,8,2,2,7,10,2,3,3,5,9,5,2,2,3,0,3.37,1.47,0,31,1,2412,Adjective,4.24
help,4,6,2,2,3,3,2,2,9,3,2,2,5,3,3,4,6,4,2,4,7,2,5,7,2,0,2.56,1.42,0,27,1,46977,Verb,3.76
here,5,4,9,2,3,2,2,2,6,2,2,2,6,3,3,7,2,4,5,2,3,3,6,3,5,0,3.13,1.53,0,30,1,230788,Adverb,3.72
high,4,2,5,2,4,4,2,2,4,8,2,5,2,3,2,5,5,3,3,4,2,3,6,2,6,0,3.46,1.39,0,31,1,9945,Adjective,3.6
higher,9,5,8,3,2,6,6,6,3,2,4,2,2,4,2,2,2,3,2,2,2,4,2,2,2,0,2.93,1.33,0,30,1,1420,Adjective,3.48
historical,2,2,6,2,3,5,3,2,2,2,3,2,3,4,6,5,5,2,3,6,6,2,9,2,2,0,1.93,1.14,0,30,1,269,Adjective,3.56
history,2,2,2,3,4,2,2,2,2,4,3,3,3,3,5,2,2,2,2,7,4,9,2,3,2,0,2.96,1.37,1,28,0.962962963,4280,Noun,3.08
hit,8,7,6,2,4,5,7,5,7,4,9,3,3,5,10,10,2,10,4,6,4,2,2,2,2,0,4.11,1.2,0,28,1,14025,Verb,5.16
hold,7,2,10,2,10,2,4,2,2,2,10,2,3,2,2,3,3,8,9,2,2,2,2,3,5,0,3.68,1.44,0,28,1,22273,Verb,4.04
home,3,3,2,8,9,2,5,2,2,6,2,4,3,3,3,3,6,3,2,2,6,3,4,2,6,0,4.11,1.25,0,30,1,39491,Adverb,3.76
honor,3,5,2,2,3,3,3,2,3,3,7,2,2,6,2,3,5,3,2,7,3,2,9,2,2,0,1.68,1.07,0,28,1,4912,Noun,3.44
hope,4,2,3,2,4,5,3,5,2,3,5,2,2,6,6,3,2,5,2,4,7,3,4,2,2,0,1.25,0.59,0,27,1,16352,Verb,3.52
host,2,2,2,2,2,8,4,2,3,4,2,6,2,2,2,4,3,3,3,3,3,2,6,2,2,0,3.63,1.45,0,29,1,766,Noun,3.04
hour,2,2,6,3,5,4,2,2,7,2,2,3,2,8,2,2,4,4,3,7,3,3,9,6,2,0,3.1,1.42,0,28,1,8277,Noun,3.8
house,4,3,2,4,3,5,2,8,2,2,2,5,2,2,4,6,3,4,2,3,3,5,5,2,5,0,5,0,0,29,1,26214,Noun,3.52
ideal,2,6,6,3,3,2,2,2,9,2,2,2,9,7,10,2,4,2,4,10,2,3,8,6,4,0,1.37,0.67,0,30,1,374,Adjective,4.48
identification,4,2,4,7,4,2,3,10,2,10,3,3,3,2,3,6,4,8,2,2,2,3,2,3,2,0,3.4,1.52,0,29,1,409,Noun,3.84
identify,2,2,6,2,4,2,2,2,2,2,2,2,4,2,3,8,3,2,2,2,6,3,2,2,2,0,2.64,1.34,0,27,1,825,Verb,2.84
image,9,2,2,3,4,2,5,2,2,3,2,10,8,2,8,8,3,4,2,3,3,3,3,2,2,0,3.85,1.13,0,29,1,1154,Noun,3.88
immediate,9,2,2,3,3,2,3,5,2,2,2,2,2,2,3,2,2,2,9,2,8,3,2,7,3,0,2.1,1.32,0,30,1,571,Adjective,3.36
impact,10,5,6,3,7,3,7,7,6,2,7,2,3,4,6,6,8,4,3,2,2,7,3,3,5,0,2.59,1.21,0,28,1,480,Noun,4.84
importance,3,5,2,4,4,4,6,7,7,5,3,7,3,2,2,4,4,2,2,5,3,2,2,7,5,0,1.75,1.24,0,28,1,390,Noun,4
important,4,5,5,4,2,4,6,4,5,4,6,5,4,3,4,6,2,8,7,6,4,6,3,7,3,0,2.14,1.48,0,30,1,10587,Adjective,4.68
impose,2,10,2,3,2,6,8,2,9,8,2,9,8,2,3,2,4,9,9,8,10,7,3,2,2,0,1.93,1.07,1,27,0.964285714,145,Verb,5.28
improve,2,2,5,3,2,5,3,2,6,4,3,3,2,3,2,5,2,4,2,2,4,2,2,2,4,0,1.82,0.98,0,27,1,413,Verb,3.04
improvement,2,8,2,5,2,5,4,2,2,3,2,2,10,8,2,2,2,7,4,7,3,2,7,2,2,0,2.6,1.4,0,28,1,198,Noun,3.88
increase,4,6,6,7,3,5,8,10,6,5,2,6,2,3,3,4,4,2,6,3,2,3,5,2,4,0,2.61,1.57,0,27,1,436,Verb,4.44
independent,9,6,10,9,4,9,5,4,7,6,2,2,4,2,4,8,6,4,6,6,5,4,7,3,6,0,2.04,1.16,0,30,1,477,Adjective,5.52
index,8,2,3,9,2,2,2,5,2,2,6,2,5,3,10,4,3,3,6,2,2,3,4,2,4,0,3.43,1.48,1,29,0.965517241,106,Noun,3.84
indicate,8,5,4,2,5,4,5,2,9,3,3,2,4,4,2,2,3,3,2,5,2,3,2,2,2,0,2.39,1.34,0,27,1,425,Verb,3.52
individual,2,10,4,4,5,2,6,3,2,2,2,2,2,2,2,2,8,3,2,4,3,4,4,3,6,0,3.52,1.38,1,29,0.966666667,596,Noun,3.56
influence,2,2,3,3,3,2,2,2,4,10,4,4,4,3,2,5,4,3,3,8,5,3,2,6,2,0,2.11,1.31,0,28,1,754,Noun,3.64
inform,8,3,2,7,4,9,2,8,9,3,3,3,2,3,2,2,2,6,8,7,8,3,8,10,2,0,2.25,1.4,0,27,1,644,Verb,4.96
initiate,4,3,6,3,2,2,3,3,2,3,2,5,3,4,4,2,3,3,4,5,4,6,4,3,3,0,2.71,1.24,0,27,1,170,Verb,3.44
inside,2,2,8,2,4,4,5,2,9,10,2,5,2,4,2,9,5,2,3,3,3,9,8,2,2,0,3.67,1.07,0,30,1,10775,Adverb,4.36
institution,9,2,7,2,7,2,3,3,3,6,2,2,9,2,2,2,7,2,5,2,3,9,8,7,4,0,3.33,1.49,0,28,1,396,Noun,4.4
instruction,2,7,4,2,7,6,2,4,4,2,2,2,9,8,5,2,2,4,5,2,5,4,2,5,2,0,3.37,1.15,0,29,1,103,Noun,3.96
instrument,4,6,2,2,3,3,4,6,3,4,4,8,7,2,3,2,5,2,2,4,2,3,3,3,2,0,4.27,0.96,0,29,1,413,Noun,3.56
integral,6,3,4,2,3,2,7,2,3,2,9,4,2,5,4,2,2,2,8,2,3,6,3,2,2,0,2.03,1.21,1,30,0.966666667,37,Adjective,3.6
integration,7,7,2,4,2,2,3,7,5,2,4,6,4,2,4,7,6,7,3,3,2,3,4,5,8,0,1.89,0.97,0,28,1,33,Noun,4.36
intellectual,7,4,5,2,4,4,6,8,7,5,2,2,2,8,4,10,2,4,4,2,3,4,4,2,2,0,1.81,1.24,0,30,1,234,Adjective,4.28
intend,7,3,2,9,7,7,7,2,3,8,3,10,3,2,6,4,2,7,2,7,3,4,6,3,2,0,1.71,0.85,0,27,1,1183,Verb,4.76
interest,2,4,4,2,2,5,4,5,4,5,3,2,3,2,2,4,2,2,7,2,6,2,10,3,8,0,1.8,1.12,0,28,1,2598,Noun,3.8
interim,2,5,2,3,4,10,6,10,5,4,3,3,10,2,8,3,8,5,2,6,3,6,3,2,2,0,2.5,1.17,2,28,0.928571429,35,Noun,4.68
interview,4,2,2,3,2,3,2,5,4,5,4,5,5,5,3,2,3,4,5,4,3,5,2,4,2,0,3.36,1.47,1,29,0.965517241,1505,Noun,3.52
introduce,2,3,2,3,6,2,3,2,3,8,2,5,9,4,7,2,3,2,6,2,4,3,2,5,8,0,2.62,1.36,0,27,1,1771,Verb,3.92
invite,3,2,6,4,2,9,4,3,2,2,6,3,10,2,7,9,2,6,3,3,4,8,5,9,10,0,3,1.28,0,28,1,1509,Verb,4.96
involve,2,4,9,5,6,3,4,5,2,6,6,3,9,3,3,3,3,3,2,2,3,2,2,7,3,0,2.43,1.36,0,27,1,330,Verb,4
involved,5,2,6,2,2,2,4,7,6,2,2,4,4,5,3,3,3,3,5,2,2,2,5,4,3,0,2.03,1.21,0,27,1,3465,Verb,3.52
isolated,2,2,4,2,3,4,2,5,2,2,6,5,2,3,2,2,2,5,6,2,5,2,5,2,3,0,2.74,1.51,0,27,1,310,Verb,3.2
issue,5,3,3,3,7,8,3,3,7,2,9,2,3,2,2,4,5,3,8,3,3,2,2,6,5,0,2.37,1.52,0,28,1,1741,Noun,4.12
job,4,9,2,2,3,4,3,6,4,2,5,8,6,10,4,8,2,3,6,3,2,2,9,5,3,0,3.19,1.62,0,28,1,21063,Noun,4.6
join,3,2,4,9,2,9,2,2,2,2,5,10,2,3,2,3,2,2,2,2,2,4,6,8,4,0,2.86,1.41,0,28,1,4255,Verb,3.76
jointly,4,2,2,2,2,2,2,2,2,3,2,2,10,2,2,5,9,2,2,10,10,3,2,2,10,0,2,1.07,1,29,0.964285714,12,Adverb,3.84
judge,2,6,8,3,2,3,10,3,2,2,3,2,2,3,2,2,4,9,7,4,3,4,5,4,4,0,3.75,1.4,0,29,1,4063,Noun,3.96
judgment,7,4,4,7,5,5,3,3,9,3,7,2,4,3,2,4,6,3,2,2,4,2,5,3,2,0,1.68,1.33,0,28,1,839,Noun,4.04
junior,4,3,3,3,3,2,3,3,2,2,3,2,2,2,2,2,3,3,3,2,2,2,3,2,2,0,3.5,1.26,0,31,1,1825,Adjective,2.52
just,2,3,2,2,3,3,2,6,2,3,4,3,4,3,2,2,3,3,4,6,2,4,2,2,4,0,1.52,0.91,0,29,1,242206,Adverb,3.04
justify,4,5,3,3,3,2,3,5,4,6,6,2,5,2,2,2,2,2,5,2,6,2,4,2,2,0,1.45,0.74,0,27,1,256,Verb,3.36
keep,2,6,3,2,3,2,2,7,2,3,9,2,8,4,3,5,2,2,2,5,3,6,3,2,3,0,2.37,1.4,0,27,1,35846,Verb,3.64
key,2,4,4,3,7,2,2,3,8,2,4,5,5,3,2,3,4,6,7,3,6,2,5,2,4,0,4.89,0.42,0,29,1,4430,Noun,3.92
kill,2,2,4,2,2,5,2,2,4,2,2,3,3,3,6,2,2,2,3,3,2,6,2,6,2,0,3.9,1.37,0,28,1,23081,Verb,2.96
king,4,4,2,2,2,2,4,3,2,3,5,4,2,3,2,4,5,3,3,4,4,3,3,4,4,0,4.1,1.42,0,29,1,6592,Noun,3.24
kingdom,7,3,4,6,2,8,4,9,8,2,2,6,2,2,4,2,4,4,2,4,4,3,2,2,3,0,3.76,1.3,0,29,1,787,Noun,3.96
know,4,5,3,4,2,3,2,3,6,3,6,2,2,4,2,2,3,3,3,3,3,2,6,3,3,0,1.68,0.98,0,27,1,291780,Verb,3.28
l,2,3,3,5,7,3,3,5,2,6,10,2,4,8,3,8,10,2,2,10,4,4,5,2,5,0,3.13,1.74,2,29,0.92,4841,Letter,4.72
labor,3,7,4,5,6,2,5,6,2,3,2,4,10,3,2,3,4,2,6,5,9,3,6,4,2,0,3.08,1.32,0,28,1,621,Noun,4.32
land,6,2,4,4,5,3,6,4,5,4,3,8,6,3,7,7,2,6,2,10,5,6,5,9,4,0,4.57,0.69,0,29,1,4494,Noun,5.04
language,5,2,6,2,5,5,2,10,2,3,6,4,2,3,2,4,6,5,5,4,2,2,5,2,3,0,2.35,1.5,0,28,1,1790,Noun,3.88
last,6,5,6,7,3,7,3,4,8,6,7,4,9,2,2,3,6,3,7,2,4,5,3,4,4,0,3.04,1.35,0,28,1,36878,Number,4.8
late,2,2,5,3,3,2,2,3,2,4,7,3,4,5,4,3,3,4,5,2,7,3,3,3,2,0,2.6,1.41,0,30,1,13756,Adjective,3.44
later,5,4,7,5,4,7,6,2,3,3,2,2,7,3,5,8,9,4,4,3,2,2,3,3,5,0,1.8,1.16,0,29,1,14889,Adverb,4.32
law,3,3,2,2,3,4,4,7,5,4,5,3,4,3,3,4,8,4,2,2,5,4,8,2,2,0,2.57,1.6,0,28,1,5932,Noun,3.84
lay,6,3,2,9,4,7,3,9,10,3,3,2,6,2,4,2,9,2,2,3,7,2,4,2,2,0,3.86,1.43,0,28,1,2970,Verb,4.32
lead,10,3,4,4,4,2,2,6,5,4,9,3,2,6,3,3,2,4,3,3,2,2,2,5,3,0,4.1,1.23,0,28,1,4246,Verb,3.84
learn,4,5,8,7,2,8,2,2,7,3,5,5,2,5,3,5,2,2,8,3,4,6,3,3,6,0,2.2,1.19,0,27,1,6047,Verb,4.4
learning,2,3,2,2,2,3,3,2,4,9,2,5,2,2,2,2,2,4,4,2,2,2,3,2,2,0,3.14,1.62,0,28,1,1036,Verb,2.8
leave,8,8,3,6,7,6,3,2,2,6,3,8,2,8,7,6,2,5,2,2,8,2,7,3,2,0,2.53,1.33,0,27,1,28596,Verb,4.72
left,9,2,3,3,2,9,8,8,7,3,2,8,2,2,2,7,3,2,3,6,2,2,3,2,4,0,3.7,1.46,0,28,1,24707,Verb,4.16
lend,4,5,3,6,3,6,3,4,2,3,3,3,3,3,3,4,5,3,2,2,5,6,5,3,2,0,3.07,1.56,0,28,1,595,Verb,3.64
less,5,4,4,5,2,3,2,2,3,6,2,2,6,5,2,5,2,4,10,7,5,5,6,6,10,0,2.77,1.56,0,30,1,5666,Adverb,4.52
let,3,10,10,2,3,7,3,3,5,3,3,3,2,4,2,2,4,10,5,2,2,8,5,8,3,0,2.26,1.2,0,27,1,123381,Verb,4.48
level,7,5,4,8,8,5,3,4,6,4,6,6,2,3,7,5,2,2,2,3,4,3,2,3,6,0,2.86,1.43,0,28,1,2633,Noun,4.4
liable,2,2,5,3,6,5,10,2,2,2,2,3,6,2,7,2,2,5,4,2,2,2,2,6,8,0,2.04,1.35,1,30,0.965517241,369,Adjective,3.76
liberal,3,2,3,3,5,2,3,4,2,5,5,3,5,5,3,6,4,3,5,5,4,4,5,4,4,0,1.67,1.03,0,30,1,203,Adjective,3.88
library,2,2,2,3,8,3,10,3,3,7,2,2,9,4,6,7,2,6,7,2,7,4,2,6,4,0,4.8,0.76,0,29,1,1170,Noun,4.52
lie,5,2,6,2,6,2,6,2,4,6,6,2,2,5,3,4,6,4,5,2,5,2,5,2,2,0,3.11,1.42,0,28,1,6133,Verb,3.84
life,3,4,9,8,5,2,3,4,4,2,2,6,2,8,4,6,4,2,2,5,5,5,2,3,2,0,2.69,1.44,0,28,1,40629,Noun,4.08
light,8,4,7,6,5,5,3,2,7,8,5,2,6,3,2,3,2,7,3,3,2,6,10,3,2,0,4.21,1.15,0,29,1,8425,Noun,4.56
like,4,3,3,2,2,4,2,2,6,2,3,3,6,3,2,2,3,2,3,2,4,6,2,2,3,0,1.89,0.99,0,28,1,203947,Preposition,3.04
likely,5,8,6,7,4,3,5,3,2,2,4,10,2,10,2,2,10,3,2,2,3,4,4,3,4,0,1.76,1.01,0,30,1,1314,Adjective,4.4
limit,5,3,4,9,3,5,4,2,8,3,6,2,2,2,2,4,7,3,7,9,4,5,3,10,2,0,2.28,1.33,0,28,1,664,Noun,4.56
limited,2,3,3,3,3,2,4,8,4,2,2,5,2,2,2,2,2,5,3,2,5,2,4,3,3,0,1.87,1.01,0,30,1,561,Adjective,3.12
line,7,4,2,8,4,4,3,3,4,6,2,6,7,6,7,2,5,2,3,2,5,4,3,2,3,0,4.5,0.71,0,29,1,10515,Noun,4.16
link,5,2,2,10,2,5,2,3,2,3,10,8,2,2,2,2,3,5,2,9,5,2,10,4,2,0,3.43,1.38,0,29,1,609,Noun,4.16
little,4,3,2,3,3,6,3,8,4,8,2,2,2,2,5,6,3,4,4,2,3,4,2,2,2,0,3.67,1.32,0,31,1,73766,Adjective,3.56
live,7,7,9,9,3,2,3,3,2,2,2,5,2,9,4,7,3,2,2,2,2,6,3,2,4,0,3.57,1.22,0,28,1,17574,Verb,4.08
living,4,3,4,2,3,3,4,5,7,2,2,3,4,2,2,6,2,3,4,3,3,2,3,6,4,0,3.04,1.65,0,28,1,7983,Verb,3.44
local,4,6,5,7,6,4,7,3,4,4,2,3,5,3,4,6,4,2,3,4,7,2,2,7,9,0,3.04,1.45,0,30,1,2128,Adjective,4.52
location,4,4,7,4,5,2,5,8,4,6,3,3,3,3,6,6,2,4,7,3,4,7,4,9,4,0,3,1.49,0,28,1,1263,Noun,4.68
long,4,10,2,4,2,2,5,2,2,4,5,4,3,5,2,8,2,6,4,2,4,3,4,3,2,0,3.18,1.39,0,30,1,34433,Adverb,3.76
look,8,2,2,8,5,2,10,2,9,7,2,2,2,2,4,2,10,6,10,4,4,2,10,4,9,0,2.96,1.53,1,28,0.965517241,99311,Verb,5.12
lose,4,2,8,8,8,3,4,2,6,2,3,2,4,9,5,2,2,2,2,7,2,2,3,4,9,0,2.25,1.35,0,27,1,8382,Verb,4.2
loss,3,2,2,5,2,3,2,2,2,2,2,5,2,2,2,3,2,5,3,3,2,2,4,2,2,0,2.19,1.22,0,28,1,1485,Noun,2.64
lost,8,2,2,2,2,3,4,6,2,5,2,2,2,2,2,3,2,3,3,2,2,2,2,2,3,0,2.67,1.27,1,27,0.964285714,13974,Verb,2.8
lot,5,7,2,2,10,2,2,7,5,2,3,3,6,6,2,6,7,5,3,9,3,3,8,2,8,0,3.7,1.54,0,29,1,29066,Noun,4.72
low,6,4,8,10,5,9,2,4,7,2,10,5,7,5,2,6,2,3,5,2,2,7,9,10,7,0,3.34,1.47,0,31,1,3016,Adjective,5.56
made,2,2,4,3,3,2,4,10,10,3,2,5,2,3,4,2,3,5,6,5,4,5,2,4,5,0,2.52,1.36,0,27,1,28626,Verb,4
maintain,2,7,3,3,2,2,2,7,3,3,2,3,2,3,2,3,5,4,2,2,6,2,2,2,3,0,2.32,1.33,0,27,1,661,Verb,3.08
major,6,2,6,2,2,4,8,3,4,2,2,2,2,4,3,4,2,2,5,10,4,5,4,2,5,0,2.16,1.34,0,30,1,5343,Adjective,3.8
majority,7,5,4,2,2,3,2,3,5,2,5,2,2,2,2,2,2,2,2,2,2,4,2,2,3,0,2.54,1.45,0,28,1,261,Noun,2.84
make,2,3,2,3,2,4,9,5,4,4,5,9,6,3,6,3,6,5,2,2,4,7,4,6,3,0,2.67,1.6,0,27,1,70775,Verb,4.36
male,9,2,4,9,7,9,4,2,10,7,3,2,3,3,2,2,4,10,4,8,3,10,3,2,2,0,4.45,1.02,0,32,1,1731,Adjective,4.96
man,6,2,3,4,3,2,5,2,2,2,10,3,4,2,2,2,2,3,2,3,2,2,3,3,5,0,4.79,0.5,0,29,1,94133,Noun,3.16
manage,6,2,3,2,2,2,2,2,5,3,9,3,3,3,10,8,2,3,10,10,5,4,4,2,2,0,2,1.08,0,27,1,1095,Verb,4.28
manner,2,2,3,4,7,7,2,3,2,3,2,2,4,2,3,2,10,2,3,4,4,2,6,2,3,0,1.62,0.8,0,28,1,588,Noun,3.44
map,2,7,2,9,2,5,10,10,5,2,5,6,2,2,2,4,2,3,2,3,4,10,10,2,5,0,4.93,0.25,0,29,1,1623,Noun,4.64
march,3,8,3,3,4,6,9,4,4,8,2,2,2,2,2,6,2,3,2,5,2,2,2,2,2,0,4.03,1.18,0,29,1,1225,Name,3.6
mark,6,4,5,7,2,4,2,3,3,3,3,4,3,2,4,3,4,6,5,5,2,5,2,8,6,0,4.21,1.21,0,29,1,4183,Name,4.04
market,3,2,2,5,2,2,4,2,4,5,5,3,2,3,5,6,4,6,6,3,3,2,2,6,2,0,4.7,0.61,0,29,1,1848,Noun,3.56
marriage,2,2,3,6,4,7,7,3,2,5,4,4,8,4,2,4,6,3,2,4,2,3,4,2,6,0,2.51,1.2,2,28,0.999670348,3930,Noun,3.96
mass,9,5,5,3,4,7,2,4,9,2,5,2,2,4,5,2,3,2,2,4,5,4,3,2,3,0,3.44,1.6,1,31,0.964285714,880,Adjective,3.92
master,8,2,2,2,2,2,3,2,4,5,8,8,2,2,4,4,7,2,2,4,8,7,2,2,2,0,2.63,1.31,0,28,1,4450,Noun,3.84
material,6,3,10,2,4,2,2,2,2,6,3,2,4,2,2,2,6,3,4,2,3,2,2,2,2,0,4.26,1.23,0,29,1,1129,Noun,3.2
matter,8,7,3,2,8,2,5,6,8,6,2,2,3,10,2,2,2,2,5,4,2,3,5,2,3,0,3.54,1.45,0,29,1,18900,Noun,4.16
maximum,8,4,4,5,2,2,4,2,6,8,2,4,2,2,7,3,4,3,4,2,5,7,3,2,2,0,2.54,1.53,0,30,1,396,Adjective,3.88
mean,2,2,3,2,4,3,2,2,7,4,6,5,3,4,4,7,10,5,4,2,8,3,2,2,2,0,2.5,1.48,0,27,1,63443,Verb,3.92
measure,3,5,3,2,2,6,2,2,2,2,4,3,2,2,3,2,2,2,3,2,2,3,2,5,2,0,3.59,1.18,0,28,1,537,Verb,2.72
medical,7,3,2,2,4,2,2,2,2,3,7,3,5,2,2,2,5,7,3,2,5,4,5,2,2,0,3.07,1.33,0,30,1,2774,Adjective,3.4
medicine,2,5,3,5,7,5,4,6,4,5,3,2,6,6,6,5,7,5,5,2,6,4,7,7,6,0,4.79,0.5,0,29,1,1744,Noun,4.92
medium,4,2,4,3,7,8,4,3,4,6,2,6,6,2,3,4,3,2,3,2,2,3,2,3,2,0,3,1.41,0,28,1,362,Noun,3.6
meet,4,2,2,10,5,6,9,2,2,5,2,3,2,3,2,2,4,4,8,5,10,5,2,4,4,0,3,1.39,0,28,1,17966,Verb,4.28
membership,4,6,2,8,2,2,5,2,2,7,8,10,10,3,3,6,6,3,4,4,4,8,3,4,7,0,3.04,1.5,1,28,0.965517241,165,Noun,4.92
mental,8,5,4,2,2,2,5,3,2,7,6,2,5,6,2,2,2,3,3,2,2,2,2,10,2,0,2.04,1.16,0,30,1,1002,Adjective,3.64
mention,10,2,2,3,3,2,4,6,3,3,2,4,3,2,3,2,3,8,2,2,3,10,3,2,5,0,2.69,1.26,0,27,1,3033,Verb,3.68
merit,3,3,2,3,2,2,5,2,2,2,2,2,3,2,2,3,3,6,3,6,3,2,2,3,2,0,1.66,0.97,0,28,1,173,Noun,2.8
metal,3,2,4,2,8,7,2,5,6,3,2,5,5,4,3,2,2,3,10,3,3,2,8,10,2,0,4.87,0.35,0,29,1,992,Noun,4.24
middle,7,4,2,10,10,9,4,2,2,5,8,6,4,3,3,3,2,7,4,3,3,5,7,4,2,0,3.69,1.37,0,29,1,4549,Noun,4.76
mind,3,3,8,2,3,2,6,3,5,2,2,7,8,9,6,3,2,3,4,2,5,2,4,2,5,0,2.5,1.39,0,28,1,24715,Noun,4.04
mine,3,5,4,2,8,6,2,3,8,2,2,2,2,2,3,2,5,3,2,4,3,8,2,4,6,0,3.56,1.85,0,28,1,12800,Pronoun,3.72
minister,2,2,9,2,3,2,7,2,6,5,4,2,8,2,5,5,2,10,2,2,2,2,4,2,2,0,4.22,1.12,2,29,0.931034483,941,Noun,3.76
ministry,6,7,2,2,3,5,2,4,4,8,7,2,3,2,8,2,6,3,2,7,2,3,2,2,2,0,3.21,1.5,0,28,1,196,Noun,3.84
minor,3,2,5,2,2,2,5,8,8,3,6,3,4,4,3,2,2,2,2,5,2,2,2,3,7,0,2.61,1.4,1,30,0.965517241,654,Adjective,3.56
minute,2,5,2,2,3,2,3,2,3,2,2,2,2,3,2,2,4,2,3,3,3,3,2,4,2,0,3.04,1.65,0,28,1,19252,Noun,2.6
mission,4,2,5,9,4,5,4,5,3,8,5,5,3,5,3,8,7,4,2,9,3,3,6,5,2,0,2.9,1.52,0,28,1,2400,Noun,4.76
mobilize,5,4,6,4,7,6,4,4,2,3,3,2,4,4,3,2,4,4,4,4,4,4,8,4,2,0,2.62,1.01,0,27,1,52,Verb,4.04
model,8,9,3,8,2,5,2,6,6,3,7,4,4,2,4,8,4,4,4,7,2,3,5,3,2,0,4.53,0.9,0,29,1,1635,Noun,4.6
modern,2,2,2,2,2,2,2,8,4,3,2,2,2,7,9,3,2,2,2,3,2,2,2,2,5,0,2.31,1.23,0,30,1,930,Adjective,3.04
moment,2,2,2,2,3,2,4,3,4,3,9,3,2,2,3,2,2,2,3,4,2,2,4,4,3,0,1.61,1.1,1,28,0.965517241,9539,Noun,2.96
momentum,6,2,2,4,3,10,3,4,10,2,2,2,10,10,2,8,7,2,9,9,2,2,9,5,8,0,2.5,1.58,0,28,1,87,Noun,5.32
money,6,3,5,3,2,2,3,2,7,5,6,2,4,2,4,6,2,9,3,5,8,2,3,4,5,0,4.54,0.84,0,29,1,32679,Noun,4.12
morning,3,2,3,3,2,7,10,7,6,2,2,2,6,2,2,6,2,3,3,6,5,2,3,2,2,0,3.44,1.5,0,29,1,22389,Noun,3.72
motion,4,3,2,4,2,3,2,2,2,2,4,4,2,5,2,3,4,3,2,3,4,3,5,2,3,0,3.8,1.24,0,29,1,967,Noun,3
move,7,3,10,7,5,2,2,2,8,5,4,2,4,2,2,3,8,5,7,2,4,3,3,2,2,0,3.25,1.43,1,28,0.965517241,21325,Verb,4.16
movement,9,4,2,2,2,6,2,9,2,3,2,6,2,4,3,3,3,4,2,2,6,3,2,4,3,0,3.63,1.24,0,29,1,757,Noun,3.6
much,4,5,4,2,2,8,5,2,2,6,6,2,2,5,2,2,2,5,5,3,9,2,6,4,2,0,1.69,0.93,0,29,1,49636,Determiner,3.88
murder,4,5,3,5,4,6,5,6,7,6,3,7,2,9,6,3,4,4,7,6,5,5,7,5,8,0,3.61,1.55,0,29,1,5717,Noun,5.28
name,7,3,4,5,2,7,3,5,6,2,2,5,2,10,2,5,4,6,7,3,2,4,2,2,8,0,3.5,1.29,1,29,0.96,32735,Noun,4.32
narrow,8,2,8,4,6,2,2,2,2,6,2,2,10,3,5,2,2,5,3,2,2,8,3,3,5,0,3.04,1.4,0,30,1,358,Adjective,3.96
national,3,4,5,5,5,5,6,8,6,6,6,3,4,2,4,3,4,5,5,3,3,6,5,4,4,0,2.24,1.3,0,30,1,1946,Adjective,4.56
native,5,8,10,7,7,10,9,10,8,10,6,2,9,7,10,7,8,3,10,10,9,9,6,10,4,0,3.03,1.52,0,30,1,421,Adjective,7.76
natural,6,4,5,2,2,2,4,5,2,2,4,4,2,2,2,2,3,2,2,2,2,2,3,2,2,0,1.85,1.05,0,30,1,2160,Adjective,2.8
nautical,3,3,2,7,4,2,4,7,3,3,2,5,4,2,9,5,2,3,3,2,7,3,2,5,2,0,2.45,1.35,2,30,0.935483871,45,Adjective,3.76
necessarily,3,2,3,3,5,2,2,5,9,2,2,5,9,2,2,4,2,10,9,8,7,6,6,3,2,0,1.36,0.62,0,29,1,575,Adverb,4.52
need,2,10,3,3,2,2,4,7,5,2,5,3,4,2,3,5,5,3,4,2,4,2,7,4,3,0,1.69,1.07,0,27,1,66040,Verb,3.84
negative,5,2,3,2,4,3,8,2,4,2,2,3,2,2,2,2,2,2,2,2,2,3,3,3,2,0,1.79,1.17,0,30,1,1308,Adjective,2.76
neglect,4,5,2,4,2,4,5,5,3,2,5,2,4,5,2,2,2,5,5,4,5,5,2,5,3,0,2.26,0.98,0,27,1,86,Verb,3.68
net,5,6,2,3,8,3,2,4,7,2,9,9,8,2,2,2,6,7,2,4,7,3,7,2,3,0,4.53,1.17,0,29,1,793,Noun,4.6
network,2,10,5,4,5,2,5,2,6,8,3,2,3,2,3,2,6,6,3,8,5,8,2,10,3,0,3.2,1.32,0,28,1,843,Noun,4.6
new,4,4,3,4,7,4,3,3,2,5,2,2,6,3,2,3,3,2,4,3,2,4,4,2,3,0,2.81,1.62,0,30,1,36913,Adjective,3.36
newspaper,2,4,3,6,2,3,4,2,3,6,10,2,4,4,3,8,7,9,3,3,8,3,2,2,5,0,4.82,0.55,0,29,1,1208,Noun,4.32
north,7,7,4,3,4,2,3,2,4,2,2,2,2,2,3,5,3,3,2,4,2,9,2,2,5,0,4.14,1.27,0,29,1,3258,Noun,3.44
note,2,4,4,3,3,7,3,4,3,2,5,2,2,2,8,7,3,5,3,6,4,4,3,5,5,0,4.61,0.88,1,29,0.965517241,2731,Noun,3.96
notice,8,2,10,6,10,3,9,2,10,2,9,5,9,2,3,9,2,2,7,8,9,10,3,4,2,0,3.3,1.56,0,28,1,3022,Verb,5.84
notification,2,2,2,2,6,6,2,2,5,3,2,2,2,2,3,2,2,5,7,2,7,5,2,4,2,0,3.34,1.42,0,28,1,31,Noun,3.24
notion,6,8,2,10,2,2,4,2,4,9,7,10,2,4,6,6,5,8,2,2,2,5,5,2,10,0,1.93,1.01,0,28,1,336,Noun,5
now,5,3,6,5,5,3,6,7,5,6,2,3,3,3,7,2,3,5,4,7,4,4,2,3,3,0,1.48,0.87,0,29,1,163333,Adverb,4.24
number,2,3,4,4,2,5,9,2,8,2,3,2,2,2,2,5,3,2,2,5,2,2,2,4,2,0,3.3,1.58,0,28,1,12288,Noun,3.24
object,6,5,4,2,3,9,8,6,4,3,8,4,4,7,3,2,2,8,3,2,3,4,3,3,2,0,3.66,1.54,0,29,1,1314,Noun,4.32
objection,4,9,3,2,2,8,7,2,2,2,2,5,9,6,2,7,7,2,8,7,3,2,6,2,8,0,2.29,1.21,0,28,1,1108,Noun,4.68
observation,7,2,7,2,10,2,5,3,5,10,6,2,2,2,8,9,10,6,10,9,2,5,5,4,7,0,2.12,1.53,0,28,1,380,Noun,5.6
observe,2,2,2,3,3,2,4,5,9,2,3,3,8,3,3,3,3,2,6,4,5,4,2,3,10,0,2.63,1.18,0,27,1,499,Verb,3.84
obtain,8,3,9,3,10,7,2,8,9,2,2,4,3,2,4,4,3,5,6,3,5,2,2,2,2,0,3,1.54,0,28,1,190,Verb,4.4
occasion,3,2,6,7,8,4,8,7,2,3,8,2,3,2,2,2,2,3,4,2,2,2,4,2,2,0,2.52,1.25,0,28,1,844,Noun,3.68
occasional,2,5,3,3,2,7,6,2,4,4,2,2,4,2,2,4,2,2,2,2,3,4,3,4,2,0,1.85,0.91,0,30,1,199,Adjective,3.12
occupy,3,2,2,2,4,5,2,2,4,2,3,3,2,2,3,5,3,2,2,4,3,5,2,3,2,0,3.32,1.33,0,28,1,126,Verb,2.88
occur,4,2,4,4,5,2,5,2,4,2,2,3,2,2,4,2,3,3,2,6,5,10,4,6,2,0,1.84,1.25,0,27,1,379,Verb,3.6
off,7,4,4,2,5,2,6,6,2,9,2,2,3,9,3,9,9,2,2,10,10,4,2,2,8,0,2.79,1.4,0,30,1,60155,Adverb,4.96
offer,2,2,2,2,2,2,2,2,9,2,2,2,2,2,2,2,6,2,5,3,5,2,2,2,6,0,2.23,1.07,0,27,1,3810,Verb,2.88
officer,10,4,2,6,2,6,10,4,4,2,4,2,3,2,3,7,2,3,3,2,10,2,3,3,2,0,4.8,0.48,0,29,1,5265,Noun,4.04
official,3,10,2,9,4,2,8,8,2,2,6,2,3,5,4,4,6,8,2,3,3,3,2,5,4,0,2.54,1.43,0,30,1,1224,Adjective,4.4
oil,2,8,2,3,2,6,2,5,2,2,6,2,2,2,7,7,5,5,2,2,2,2,6,2,6,0,4.93,0.26,0,29,1,2095,Noun,3.68
once,2,3,2,2,5,2,2,2,2,3,3,2,7,10,4,2,3,4,2,5,2,3,4,2,2,0,2.74,1.51,0,30,1,17589,Adverb,3.2
one,6,4,5,3,3,3,2,2,3,5,2,7,4,6,4,3,3,6,5,5,6,3,2,7,4,0,3.97,1.45,0,28,1,156684,Number,4.12
only,2,3,4,4,2,2,5,6,9,2,3,2,3,3,3,3,8,3,2,4,2,7,5,4,2,0,2.41,1.4,0,30,1,55269,Adverb,3.72
open,2,9,2,3,6,10,7,7,2,2,2,2,2,6,4,3,4,4,3,4,5,3,8,5,4,0,3.21,1.75,0,28,1,16341,Verb,4.36
opening,2,4,9,5,2,2,2,5,2,2,3,9,3,5,2,2,3,9,5,3,3,2,2,8,2,0,3.79,1.29,0,29,1,1960,Noun,3.84
operation,2,3,2,5,4,2,4,2,2,6,2,2,3,2,2,2,5,3,2,4,3,4,5,8,2,0,3.44,1.28,0,29,1,2241,Noun,3.24
opinion,5,5,2,5,2,3,10,4,5,3,2,9,2,3,2,5,3,4,3,2,2,3,5,2,2,0,1.93,1.14,0,28,1,2142,Noun,3.72
opposite,2,4,2,4,2,6,2,6,2,5,2,5,2,4,2,7,5,2,5,2,6,3,3,2,7,0,1.79,0.73,0,30,1,775,Adjective,3.68
opposition,2,4,2,2,4,10,4,10,5,4,7,7,5,3,2,2,3,2,2,2,4,4,10,2,9,0,2.25,1.24,0,28,1,155,Noun,4.44
order,4,7,9,3,4,6,6,7,9,4,9,3,9,2,4,8,4,4,3,5,5,4,5,2,4,0,2.79,1.47,0,28,1,7985,Noun,5.2
organize,4,2,4,2,6,3,2,3,6,5,7,3,8,2,7,4,2,3,6,2,5,6,2,3,4,0,2.72,1.24,0,27,1,220,Verb,4.04
organized,7,4,8,9,4,3,5,7,4,8,10,10,8,3,2,4,4,4,6,8,3,2,9,4,10,0,2.63,1.42,0,27,1,519,Verb,5.84
original,7,2,3,3,6,4,2,2,3,2,3,3,3,6,2,2,4,2,3,2,2,2,2,2,2,0,2.07,1.27,0,30,1,1440,Adjective,2.96
outer,2,5,7,2,2,2,2,3,5,3,4,2,4,3,3,7,2,4,2,2,2,2,2,9,4,0,3.74,1.32,0,31,1,463,Adjective,3.4
outside,7,3,8,6,8,9,4,2,2,2,4,5,7,5,2,3,4,6,9,4,4,5,4,5,5,0,4.25,1.04,1,30,0.965517241,8671,Adverb,4.92
overall,8,9,6,4,2,3,5,2,3,2,2,6,3,4,4,4,2,3,4,3,4,4,4,2,2,0,1.76,1.21,0,30,1,164,Adjective,3.8
overcome,2,7,8,6,6,3,8,3,5,2,3,5,5,4,3,7,3,8,10,3,7,4,3,5,3,0,2.28,1.39,0,27,1,316,Verb,4.92
ownership,9,4,2,5,2,6,7,10,2,2,7,2,6,6,2,2,5,5,3,3,9,2,2,3,2,0,2.42,1.47,0,28,1,116,Noun,4.32
pace,3,4,3,5,2,4,3,5,3,4,3,3,3,5,5,2,4,2,3,5,5,2,2,2,4,0,3.11,1.29,0,28,1,488,Noun,3.44
package,4,4,3,8,7,3,2,2,2,2,2,5,2,4,2,2,3,2,7,5,5,2,2,5,2,0,4.72,0.7,0,29,1,1162,Noun,3.48
page,10,10,3,2,10,2,2,2,2,2,6,3,2,5,2,3,2,4,2,4,2,7,4,2,10,0,4.9,0.31,0,29,1,1912,Noun,4.12
panel,2,4,2,9,3,7,5,4,2,2,7,2,2,4,4,4,2,2,4,2,2,2,6,7,3,0,4.26,1.29,1,29,0.964285714,372,Noun,3.72
paper,2,4,2,3,2,5,10,2,4,2,2,3,4,4,4,2,5,7,3,3,6,9,3,3,2,0,4.93,0.38,0,29,1,5271,Noun,3.84
part,3,6,5,4,4,7,4,5,6,3,2,5,3,5,3,4,3,3,7,2,3,3,4,4,4,0,3.29,1.24,0,28,1,13337,Noun,4.08
participate,4,2,3,3,2,2,4,2,4,2,2,2,2,5,2,5,2,2,2,2,4,2,6,2,2,0,2.59,1.15,0,27,1,224,Verb,2.8
partner,2,4,3,2,3,6,2,2,5,2,2,2,2,3,4,2,2,2,2,6,2,7,4,3,2,0,3.53,1.14,0,29,1,3836,Noun,3.04
party,5,6,6,6,4,8,4,7,2,2,6,2,7,4,4,2,5,4,5,8,4,3,2,4,2,0,3.89,1.34,0,29,1,11890,Noun,4.48
pass,2,5,2,3,9,6,2,6,6,3,3,5,3,2,5,8,5,2,4,3,3,2,6,3,4,0,2.71,1.24,0,27,1,5514,Verb,4.08
passage,2,2,6,6,3,4,7,5,3,5,6,2,2,3,3,3,2,3,4,6,2,2,6,2,2,0,3.8,1.19,0,29,1,390,Noun,3.64
passing,5,6,6,3,6,4,7,7,2,2,3,8,7,7,4,3,2,2,3,3,2,6,3,5,2,0,2.76,1.45,0,27,1,1325,Verb,4.32
past,6,4,5,6,4,2,5,6,4,4,6,5,3,8,4,5,4,8,3,6,3,3,2,3,4,0,1.7,1.1,0,28,1,6312,Noun,4.52
path,8,2,7,10,10,6,3,3,8,2,3,10,2,3,3,2,2,10,7,5,5,9,2,2,2,0,4.41,1.12,0,29,1,1252,Noun,5.04
pattern,9,4,2,3,2,5,2,2,4,5,4,3,2,5,2,10,2,3,2,2,2,2,3,3,2,0,3.92,1.18,1,29,0.96,738,Noun,3.4
pay,5,2,10,3,3,3,10,8,4,7,7,6,2,3,4,2,2,3,2,2,5,3,3,2,2,0,3.54,1.41,0,28,1,12985,Verb,4.12
peace,7,6,6,3,4,4,4,5,6,7,3,5,7,4,3,5,4,9,6,7,5,3,7,7,4,0,1.62,1.35,0,28,1,3550,Noun,5.24
performance,2,6,2,6,4,5,5,4,6,2,4,6,2,3,2,3,4,4,9,5,2,2,4,2,3,0,3.04,1.32,0,28,1,1113,Noun,3.88
period,9,9,7,6,7,7,2,7,6,5,4,3,6,5,6,8,5,4,5,6,5,4,5,3,7,0,3.31,1.51,0,28,1,1417,Noun,5.64
permanent,2,3,3,7,2,6,7,5,2,2,3,2,7,7,5,2,3,2,3,3,3,4,5,5,2,0,2.76,1.55,0,30,1,619,Adjective,3.8
personal,4,6,2,5,5,3,2,2,2,2,2,9,5,2,3,6,4,5,2,9,4,9,2,3,2,0,2.21,1.4,0,30,1,4675,Adjective,4
personally,2,8,2,2,4,5,3,7,2,4,4,6,6,6,2,4,6,7,2,4,2,6,5,4,5,0,2.07,1.25,0,29,1,1870,Adverb,4.32
personnel,2,7,2,3,4,6,7,5,4,2,2,3,3,3,3,3,2,5,5,2,2,6,3,3,2,0,3.56,1.4,0,29,1,835,Noun,3.56
phase,3,6,2,2,2,3,6,6,2,10,2,5,4,6,4,7,2,2,2,3,10,6,3,5,3,0,2.46,1.26,0,28,1,629,Noun,4.24
physical,5,2,6,5,3,3,8,3,6,9,4,7,8,2,4,2,4,4,5,3,2,2,2,4,5,0,3.31,1.49,0,31,1,1386,Adjective,4.32
picture,2,2,2,3,3,2,2,3,2,8,3,3,2,2,3,4,6,4,9,5,3,2,5,6,6,0,4.52,1.01,0,29,1,7061,Noun,3.68
piece,4,2,3,3,3,2,3,2,2,5,2,3,3,2,2,2,2,2,2,2,4,3,2,2,4,0,4.14,1.24,1,29,0.965517241,6349,Noun,2.64
place,7,9,3,2,2,4,2,2,2,3,2,3,4,2,2,2,7,2,2,2,3,2,2,5,3,0,3.48,1.57,0,29,1,30736,Noun,3.16
plan,5,4,5,6,4,2,5,2,5,7,9,3,3,2,3,10,2,2,3,9,5,4,3,5,2,0,3.4,1.4,0,29,1,7432,Noun,4.4
plane,6,2,2,2,2,2,2,4,2,3,6,2,3,2,6,6,2,2,2,3,4,3,2,2,3,0,4.92,0.4,0,29,1,4872,Noun,3
platform,3,6,3,2,2,10,2,5,8,3,8,6,2,3,2,6,2,2,9,2,2,3,3,3,3,0,4.48,0.8,0,29,1,313,Noun,4
play,7,2,4,8,2,2,2,4,3,3,3,3,2,2,3,5,2,6,3,5,5,4,6,2,4,0,3.24,1.3,0,28,1,18081,Verb,3.68
point,4,5,7,8,3,2,2,8,7,2,8,6,10,2,6,7,2,7,7,3,3,2,4,9,4,0,3.39,1.13,0,29,1,12063,Noun,5.12
policy,9,2,3,5,4,8,3,2,4,4,4,6,2,2,6,3,4,10,3,5,2,3,7,4,2,0,2.76,1.45,0,28,1,1378,Noun,4.28
political,2,5,6,6,4,3,5,7,5,8,3,4,4,7,5,3,3,4,4,6,3,2,5,3,2,0,1.83,1.17,0,30,1,1115,Adjective,4.36
politically,2,3,2,5,7,6,3,9,5,2,2,3,6,2,2,9,8,9,8,2,4,5,8,2,8,0,1.89,0.93,0,29,1,150,Adverb,4.88
position,10,2,7,3,6,3,6,2,5,4,2,3,2,3,2,2,2,4,2,6,3,5,4,2,3,0,2.62,1.57,0,28,1,3676,Noun,3.72
positive,6,7,7,3,3,3,5,8,9,3,5,4,3,4,4,6,5,5,7,8,7,5,7,5,5,0,2.44,1.42,0,30,1,1613,Adjective,5.36
possible,5,2,2,2,4,4,2,3,7,4,6,2,2,2,4,2,2,2,2,6,5,8,2,8,10,0,1.56,1.01,0,30,1,5816,Adjective,3.92
post,4,4,3,4,4,3,8,5,2,7,2,3,3,6,2,2,4,3,2,6,5,3,2,2,2,0,4.3,1.35,0,29,1,1654,Noun,3.64
power,2,2,4,5,5,4,4,2,2,6,2,4,2,4,4,4,3,2,4,2,4,3,3,2,4,0,2.04,1.34,0,28,1,7600,Noun,3.32
practical,3,2,3,2,2,3,2,2,2,5,8,3,2,2,3,2,5,2,5,2,2,4,3,2,2,0,2.14,1.43,0,30,1,577,Adjective,2.92
practice,4,4,5,8,2,2,4,2,2,6,5,3,2,4,3,6,4,3,3,2,5,2,3,2,2,0,2.52,1.33,0,28,1,2330,Noun,3.52
precisely,3,2,3,2,3,2,3,4,2,4,6,2,5,3,4,2,2,2,2,3,4,2,2,3,2,0,2.3,1.24,0,30,1,611,Adverb,2.88
preparation,10,4,7,7,8,5,5,2,6,5,10,2,4,4,5,10,4,5,7,5,10,3,3,2,7,0,2.18,1.28,1,28,0.965517241,206,Noun,5.6
prepare,9,4,5,5,2,8,8,2,3,7,9,7,7,3,3,3,5,8,3,10,2,2,3,3,4,0,2.36,1.19,0,27,1,1711,Verb,5
presence,5,3,6,2,2,4,3,2,8,3,3,5,2,3,3,5,2,5,2,2,2,2,4,5,3,0,2.72,1.22,0,28,1,1064,Noun,3.44
present,7,2,2,5,3,3,5,2,2,3,4,2,2,2,5,5,3,2,2,3,4,5,7,4,2,0,3.39,1.59,0,29,1,4562,Noun,3.44
presentation,8,9,7,9,9,4,5,4,4,2,2,4,9,3,8,6,2,6,3,7,10,3,9,8,2,0,3.11,1.17,0,28,1,368,Noun,5.72
preserve,2,4,2,2,6,10,2,3,3,7,2,2,4,2,2,2,2,6,10,2,8,2,4,2,2,0,2.57,1.52,0,27,1,287,Verb,3.72
president,4,5,3,5,4,5,4,3,2,2,4,3,4,3,2,2,4,2,5,4,6,4,5,2,3,0,4.4,0.97,0,29,1,7174,Noun,3.6
press,5,2,3,10,2,5,4,3,3,5,2,5,2,2,2,2,2,2,2,2,2,8,2,2,2,0,3.9,1.3,0,29,1,3070,Noun,3.24
pressure,3,4,2,3,3,3,2,4,3,6,2,2,2,3,3,2,3,2,7,2,4,4,9,2,2,0,3.07,1.23,0,28,1,2709,Noun,3.28
prevent,8,7,4,4,2,6,4,5,6,7,7,3,4,3,6,2,4,4,4,5,7,6,2,2,4,0,2.34,1.17,0,27,1,666,Verb,4.64
price,2,3,2,2,8,2,5,2,4,2,3,4,3,2,2,2,2,4,10,2,7,4,3,3,2,0,3.63,1.55,0,29,1,2722,Noun,3.4
primary,2,2,9,8,2,3,4,7,5,5,4,3,3,2,2,4,3,2,2,2,2,3,6,5,2,0,2.28,1.22,0,30,1,444,Adjective,3.68
principle,10,7,3,5,3,4,2,4,3,9,2,3,7,6,2,3,2,3,2,4,3,2,3,2,2,0,1.7,1.26,0,28,1,395,Noun,3.84
problem,10,4,2,8,3,3,5,7,6,5,2,8,5,4,3,3,3,6,2,2,2,5,4,3,2,0,2.68,1.47,0,28,1,16833,Noun,4.28
procedure,2,2,3,4,2,3,3,2,3,2,5,2,3,3,2,2,2,4,2,7,2,2,2,2,2,0,2.67,1.27,0,28,1,823,Noun,2.72
proceed,7,2,3,10,9,10,8,3,4,2,10,2,9,2,10,10,6,9,3,4,2,9,3,2,2,0,2.55,1.43,0,27,1,1066,Verb,5.64
process,8,7,2,6,4,2,2,2,10,6,5,3,5,2,2,4,3,2,4,8,2,6,5,2,5,0,2.93,1.47,0,28,1,1427,Noun,4.28
produce,2,6,4,3,10,3,2,4,6,4,9,2,3,3,10,4,2,4,3,4,10,4,6,3,2,0,3.31,1.26,0,28,1,564,Verb,4.52
producer,2,2,4,5,2,5,2,3,2,3,3,3,2,2,5,2,2,2,4,2,2,5,2,2,3,0,3,1.41,1,28,0.96,636,Noun,2.84
product,2,4,2,2,9,3,7,3,9,2,2,8,2,5,2,2,9,6,4,4,2,2,4,2,2,0,4.17,1.14,0,29,1,752,Noun,3.96
production,2,2,5,3,8,2,2,7,2,3,2,2,9,2,4,2,3,2,5,6,2,2,3,5,5,0,2.59,1.37,0,28,1,645,Noun,3.6
productive,2,4,2,2,7,7,2,3,5,8,2,6,2,2,9,2,7,2,2,3,2,2,5,2,3,0,2.64,1.37,0,30,1,123,Adjective,3.72
professional,2,6,10,6,5,5,7,3,5,2,2,2,5,3,2,4,2,2,9,4,8,8,9,4,4,0,2.14,1.13,0,30,1,1646,Adjective,4.76
profile,5,2,5,9,2,6,2,4,4,5,8,2,2,2,9,2,2,2,7,3,2,2,6,3,2,0,3.1,1.5,0,28,1,657,Noun,3.92
program,3,4,3,5,3,7,2,4,5,6,7,2,2,2,2,2,8,4,2,2,2,2,8,4,2,0,3.43,1.45,0,29,1,2174,Noun,3.72
progress,4,4,7,2,6,5,3,5,6,3,2,7,5,4,2,2,6,2,5,4,5,5,5,4,4,0,2.12,1.21,0,28,1,1084,Noun,4.28
project,9,5,10,6,3,5,3,4,6,2,9,2,4,5,3,2,5,7,6,3,8,8,7,5,5,0,3.62,1.42,0,29,1,1907,Noun,5.28
promise,7,3,2,4,4,2,2,2,2,2,2,2,3,2,3,3,6,3,2,3,2,2,2,2,3,0,2.09,1.16,0,27,1,7809,Verb,2.8
promptly,2,5,2,2,3,6,2,2,2,2,2,3,2,2,3,2,5,2,2,5,2,7,3,5,4,0,2.07,1.25,0,29,1,104,Adverb,3.08
property,2,2,7,2,8,10,2,2,2,2,7,6,2,2,5,2,2,8,2,5,2,4,2,2,2,0,3.9,1.32,0,29,1,1698,Noun,3.68
proposal,2,2,6,2,2,3,2,4,8,3,2,5,2,2,4,8,6,2,3,2,3,2,2,3,7,0,2.75,1.32,0,28,1,448,Noun,3.48
propose,3,2,2,3,2,4,5,3,7,5,2,2,4,2,2,3,2,2,2,3,3,5,2,2,2,0,2.19,1.39,0,27,1,663,Verb,2.96
protection,3,6,6,5,6,4,4,6,5,7,5,5,5,5,4,5,6,3,5,2,2,7,2,4,3,0,2.5,1.21,0,28,1,1197,Noun,4.6
prove,3,3,4,3,5,9,6,2,2,3,2,2,2,2,2,3,10,2,8,5,7,5,3,7,9,0,1.83,0.91,0,27,1,3590,Verb,4.36
publish,4,2,4,6,2,2,4,2,6,2,2,2,2,2,2,6,6,2,2,4,3,3,4,7,3,0,3.26,1.46,0,28,1,260,Verb,3.36
punishable,2,2,3,2,3,2,2,2,2,4,2,5,4,2,2,4,2,2,2,2,2,2,2,3,3,0,1.96,1.22,0,30,1,42,Adjective,2.52
purchase,3,6,2,2,4,2,7,3,10,7,2,8,2,4,2,8,7,8,10,3,10,2,3,6,2,0,2.96,1.26,0,28,1,325,Noun,4.92
purpose,7,2,4,2,3,2,6,2,6,2,5,5,2,3,4,2,6,3,2,2,2,2,2,4,5,0,1.52,0.98,0,28,1,1789,Noun,3.4
put,3,3,2,2,2,7,2,4,7,3,2,8,2,5,6,4,2,3,3,3,3,2,5,2,3,0,2.5,1.61,0,27,1,42251,Verb,3.52
question,8,2,3,6,6,7,3,3,3,8,5,10,2,5,9,5,5,2,3,2,2,4,2,4,3,0,3.36,1.7,0,29,1,10116,Noun,4.48
quick,5,2,2,2,2,2,2,2,2,2,2,4,4,3,2,5,2,3,3,2,2,2,4,2,5,0,2.89,1.29,0,30,1,5542,Adjective,2.72
quite,4,6,3,5,9,4,2,9,2,2,10,2,2,8,7,9,9,4,2,5,6,4,2,2,8,0,1.72,1.07,0,29,1,10332,Adverb,5.04
race,10,4,3,2,6,4,2,7,9,2,2,2,4,6,2,3,6,4,6,3,4,3,4,3,4,0,3.59,1.12,0,29,1,3157,Noun,4.2
radio,2,6,2,2,3,2,2,2,4,2,2,2,8,2,2,5,2,3,2,2,3,6,2,2,8,0,4.74,0.53,0,29,1,3936,Noun,3.12
raise,5,4,6,7,7,4,2,3,2,8,7,2,4,2,7,4,8,7,5,2,4,9,4,5,7,0,3.8,1.21,0,28,1,2815,Verb,5
range,3,2,5,5,4,2,2,5,8,3,4,3,4,3,2,9,2,2,2,9,2,4,3,4,3,0,3.22,1.5,0,28,1,1161,Noun,3.8
rate,6,6,2,3,4,2,10,9,2,2,9,7,2,5,3,2,5,2,8,5,2,5,3,3,7,0,2.5,1.4,0,28,1,1271,Noun,4.56
rather,4,3,3,3,2,2,2,3,2,3,2,3,7,2,6,2,3,3,3,2,3,3,2,3,2,0,1.48,0.99,0,29,1,5825,Adverb,2.92
raw,4,5,5,5,2,6,2,3,2,2,4,3,6,2,3,4,2,3,2,3,2,6,2,3,2,0,3.35,1.38,0,31,1,519,Adjective,3.32
reach,2,4,2,2,6,6,3,2,4,2,4,2,2,2,2,6,2,3,9,2,3,2,2,2,4,0,3.7,1.41,0,28,1,2903,Verb,3.2
reaction,6,2,7,4,2,4,5,3,5,2,2,2,6,3,4,3,3,5,3,2,6,6,3,6,2,0,2.41,1.09,0,28,1,830,Noun,3.84
read,2,4,3,2,7,3,2,2,2,2,2,2,6,5,3,5,3,3,6,3,5,2,3,4,2,0,3.56,1.45,0,28,1,12302,Verb,3.32
reading,4,2,4,5,6,2,4,9,4,3,2,10,2,8,5,7,9,9,2,2,4,4,2,6,6,0,3.71,1.37,0,28,1,3133,Verb,4.84
ready,9,2,5,9,2,2,2,6,4,2,6,2,5,5,2,4,10,2,3,2,2,10,10,3,5,0,2.07,1.31,0,30,1,19778,Adjective,4.56
real,2,2,5,3,2,6,2,2,9,7,2,2,5,6,3,2,4,8,2,5,7,2,2,2,2,0,2.5,1.62,0,30,1,22583,Adjective,3.76
reality,5,2,9,6,7,10,10,3,2,2,2,3,2,2,4,3,4,2,3,2,3,2,2,4,6,0,1.72,1.07,0,28,1,1543,Noun,4
realize,8,2,5,2,2,4,2,2,2,3,9,5,2,3,3,2,2,3,2,3,6,4,4,2,3,0,2.03,1.24,0,27,1,4032,Verb,3.4
reason,4,4,7,5,3,3,5,4,4,8,10,2,2,3,2,2,7,3,7,2,9,2,3,4,10,0,1.93,1.36,0,28,1,9858,Noun,4.6
rebel,2,2,3,5,2,2,2,3,3,4,2,8,2,4,7,2,6,3,8,7,5,7,3,7,2,0,3.07,1.54,0,28,1,273,Noun,4.04
receive,2,8,6,2,4,8,7,2,2,2,2,9,3,4,2,2,4,7,2,2,2,5,3,4,3,0,2.69,1.49,0,27,1,992,Verb,3.88
recognition,8,3,4,2,8,4,3,3,2,8,2,4,2,5,9,10,2,3,2,7,2,4,7,2,4,0,2.39,1.2,2,28,0.92,233,Noun,4.4
recognize,5,7,6,2,7,9,3,8,5,3,6,4,3,2,5,2,2,4,3,2,4,2,5,8,5,0,2.07,1.24,0,27,1,1750,Verb,4.48
recommendation,2,4,7,4,2,3,5,10,2,5,10,2,6,2,2,5,3,9,4,5,3,4,5,4,2,0,2.87,1.38,0,28,1,258,Noun,4.4
record,8,5,2,2,6,2,3,4,3,2,8,2,5,8,7,6,2,3,4,2,3,7,10,3,9,0,4.15,1.26,0,29,1,4365,Noun,4.64
recruit,5,4,5,3,3,2,5,4,5,2,2,4,4,3,4,2,4,4,3,2,5,4,4,3,2,0,3.48,1.37,1,28,0.964285714,188,Verb,3.52
red,10,2,4,10,2,2,4,3,2,10,2,2,2,2,6,7,4,2,2,9,2,6,5,10,2,0,4.24,1.36,0,32,1,7551,Adjective,4.48
redress,2,3,5,2,6,4,3,4,4,4,3,2,2,4,3,3,2,6,2,4,5,5,4,3,4,0,2.64,1.52,4,27,0.862068966,11,Verb,3.56
reduce,7,2,2,3,2,9,10,3,2,4,2,2,2,2,3,4,8,3,10,2,7,4,3,3,3,0,2,1.02,0,27,1,219,Verb,4.08
refer,3,2,2,4,6,3,8,2,2,2,3,2,2,3,4,4,3,2,3,2,3,2,2,3,4,0,2.41,1.4,0,27,1,374,Verb,3.04
reference,2,7,8,3,5,3,6,4,2,8,2,7,4,3,5,3,6,2,5,4,2,2,7,2,3,0,2.38,1.36,0,28,1,432,Noun,4.2
reflection,2,2,6,3,2,2,3,2,2,2,2,4,2,2,2,2,2,4,2,2,2,2,2,3,2,0,3.29,1.51,0,28,1,256,Noun,2.44
reform,3,2,3,2,3,7,3,4,2,5,2,2,2,2,7,2,6,2,6,2,2,2,4,2,3,0,2,1.24,1,28,0.964285714,184,Noun,3.2
refuse,2,2,2,2,3,3,3,2,3,2,5,2,2,2,2,2,6,4,2,6,3,2,2,5,2,0,3.04,1.4,0,28,1,1070,Verb,2.84
regard,5,4,5,6,5,5,4,4,6,7,7,5,7,2,4,10,3,4,3,4,2,9,4,7,4,0,1.79,0.96,0,28,1,375,Noun,5.04
regional,4,6,10,6,9,7,5,3,9,4,4,2,3,4,3,3,6,6,3,6,4,2,3,3,9,0,2.76,1.48,0,30,1,159,Adjective,4.96
register,3,5,3,2,2,5,2,2,3,3,3,3,5,3,4,9,10,3,2,2,4,2,2,2,10,0,3.87,1.31,0,29,1,561,Noun,3.76
regret,7,2,4,4,2,3,10,2,3,2,4,2,7,3,4,3,4,3,4,7,4,2,5,5,3,0,1.8,1.06,0,27,1,1384,Verb,3.96
regular,3,9,2,2,3,4,9,10,6,2,2,2,3,5,2,2,4,2,4,4,7,3,4,4,3,0,2.4,1.16,0,30,1,1727,Adjective,4.04
regulation,8,4,10,4,2,2,2,10,5,3,2,2,2,8,3,2,4,4,2,4,3,3,10,4,5,0,2,1.1,0,28,1,126,Noun,4.32
relate,2,9,3,8,2,3,3,2,2,2,10,4,2,2,2,2,5,2,2,2,2,10,2,2,2,0,2,1.28,0,27,1,242,Verb,3.48
relationship,2,7,2,4,2,2,10,9,2,2,2,2,2,3,4,9,2,4,10,7,6,3,2,2,3,0,2.8,1.19,0,28,1,3452,Noun,4.12
release,2,3,2,4,2,5,8,6,7,2,3,6,5,3,6,3,7,9,2,2,2,4,3,9,3,0,3.24,1.5,0,28,1,1851,Verb,4.32
relief,3,2,3,3,2,7,4,2,4,2,2,2,3,8,2,9,3,2,2,2,2,2,2,2,2,0,2.45,1.4,0,28,1,744,Noun,3.08
religious,4,3,5,7,4,3,3,8,2,4,3,3,4,5,6,9,3,2,7,5,5,4,3,2,2,0,2.5,1.46,0,30,1,707,Adjective,4.24
remedy,6,10,3,2,2,3,4,5,6,3,2,4,3,3,2,3,3,2,6,4,5,2,2,6,2,0,2.96,1.56,0,28,1,118,Noun,3.72
remember,4,4,3,5,3,2,5,5,2,2,2,2,2,2,5,2,3,10,6,6,2,2,2,3,4,0,2.41,1.52,0,27,1,27666,Verb,3.52
remove,10,5,7,4,2,5,10,5,2,2,3,2,2,2,2,4,2,2,3,3,5,4,6,2,2,0,3.14,1.48,0,28,1,1084,Verb,3.84
render,2,2,4,2,3,2,3,5,2,4,4,3,4,3,3,2,2,2,2,2,3,3,3,5,5,0,2.14,1.33,0,27,1,103,Verb,3
repair,9,3,5,2,4,2,10,8,2,2,8,3,2,2,9,2,3,2,4,4,3,8,2,2,3,0,3.32,1.49,0,28,1,450,Verb,4.16
repeat,3,2,3,2,2,3,2,3,2,3,2,5,2,2,2,3,2,3,3,5,2,2,3,2,4,0,2.9,1.4,0,28,1,1684,Verb,2.68
report,2,2,5,2,3,2,6,8,5,6,8,4,2,4,3,6,7,4,8,6,4,7,3,2,3,0,3.92,1.38,0,29,1,5508,Noun,4.48
represent,6,3,2,4,3,6,2,9,2,2,2,2,5,2,2,2,3,4,7,2,5,3,2,4,2,0,2.12,1.07,2,27,0.928571429,773,Verb,3.44
representative,8,2,7,7,6,3,7,3,3,4,7,4,3,2,3,2,2,5,4,6,6,6,3,4,2,0,3.39,1.2,0,29,1,270,Noun,4.36
requirement,5,5,5,6,4,3,4,9,3,2,5,2,10,2,2,7,2,7,5,5,5,7,5,5,2,0,2.52,1.43,0,28,1,73,Noun,4.68
research,3,4,2,2,7,2,5,10,2,5,2,3,2,2,2,2,7,6,5,6,10,7,5,2,2,0,3.03,1.4,0,28,1,1688,Noun,4.2
reserve,8,3,3,10,2,10,4,3,2,2,2,3,8,3,6,2,2,2,2,2,10,2,2,2,3,0,2.29,1.41,0,28,1,366,Noun,3.92
resident,9,9,2,5,10,2,2,8,3,9,6,9,8,2,8,2,10,9,7,9,6,3,2,4,6,0,4.03,1.13,0,29,1,374,Noun,6
resistance,2,4,2,4,2,3,3,2,2,2,2,10,3,8,2,3,5,2,2,2,3,8,2,2,9,0,2.68,1.36,0,28,1,431,Noun,3.56
resolution,3,2,4,4,5,6,5,4,8,5,7,6,9,3,6,6,6,7,2,3,3,5,7,4,3,0,2.37,1.35,0,28,1,150,Noun,4.92
resolve,5,3,4,8,6,6,3,2,3,5,3,5,2,3,3,3,2,3,5,6,3,4,4,4,8,0,1.96,1.14,0,27,1,247,Verb,4.12
resource,3,3,2,5,9,2,2,2,8,8,7,3,2,2,3,2,10,5,10,3,5,3,2,2,2,0,2.55,1.3,1,28,0.966666667,83,Noun,4.2
respect,7,2,8,7,4,2,5,2,6,3,3,5,5,8,5,2,2,6,4,5,2,2,3,4,4,0,2.04,1.27,0,28,1,3644,Noun,4.24
respond,2,4,5,3,5,3,5,2,3,2,9,2,2,2,10,3,3,2,2,4,2,2,3,4,2,0,2.64,1.42,0,27,1,719,Verb,3.44
response,2,2,4,7,6,2,5,5,10,10,3,5,2,6,5,10,2,4,2,4,2,3,2,9,4,0,3,1.46,0,28,1,821,Noun,4.64
responsibility,10,2,5,6,4,2,4,3,4,4,8,4,4,10,2,4,5,5,7,6,5,4,4,2,5,0,1.4,0.67,0,28,1,1806,Noun,4.76
responsible,2,7,9,2,4,5,9,2,6,2,4,2,10,2,2,2,4,5,2,4,3,2,7,4,5,0,1.69,1,0,30,1,2298,Adjective,4.24
rest,4,2,4,2,5,5,4,4,3,4,3,3,5,2,9,2,4,3,2,4,2,2,4,5,2,0,3.03,1.3,0,28,1,10861,Noun,3.56
retain,7,4,2,7,2,3,5,3,2,2,4,6,2,2,3,2,6,6,2,5,2,7,5,7,2,0,2.32,1.06,0,27,1,121,Verb,3.92
return,2,2,8,5,2,3,7,2,6,4,2,4,3,4,2,4,4,3,2,2,3,2,2,3,4,0,2.97,1.48,0,28,1,4676,Verb,3.4
reverse,6,6,2,3,5,6,7,5,5,6,2,6,2,2,2,6,7,2,6,3,6,2,2,6,6,0,3.38,1.24,0,28,1,560,Verb,4.44
review,3,3,2,5,2,6,5,4,6,2,2,5,2,2,2,4,2,4,3,5,2,2,3,2,2,0,2.81,1.36,0,28,1,755,Noun,3.2
revision,8,5,2,2,4,5,6,6,2,4,6,8,6,3,5,3,2,2,7,2,2,7,4,8,7,0,2.74,1.56,1,28,0.964285714,29,Noun,4.64
rich,9,2,3,2,5,10,2,8,3,2,3,4,4,7,2,4,2,4,2,10,3,3,2,10,6,0,2.79,1.57,0,30,1,4100,Adjective,4.48
right,5,4,3,7,4,2,5,9,4,3,9,6,5,8,6,6,4,6,5,2,8,2,4,3,6,0,3.47,1.76,0,30,1,204428,Adverb,5.04
rise,5,6,2,6,3,4,2,5,3,4,5,7,2,2,4,2,5,9,2,2,9,6,4,2,2,0,4.04,1.22,0,28,1,1399,Verb,4.12
road,3,2,2,2,2,2,5,10,5,2,10,5,2,2,2,2,2,5,5,2,2,2,5,8,3,0,4.75,0.8,0,29,1,5709,Noun,3.68
rocket,2,3,2,5,3,2,2,2,4,2,2,3,2,4,3,2,3,3,2,5,3,3,4,2,3,0,4.73,0.83,0,29,1,604,Noun,2.84
roman,2,4,5,4,2,4,3,4,2,4,3,3,5,2,2,2,2,3,3,5,2,5,3,4,4,0,3.33,1.39,0,31,1,534,Adjective,3.28
root,2,2,5,5,2,3,7,5,3,5,2,2,2,7,2,8,2,3,6,2,2,7,2,3,6,0,4.34,1.11,0,29,1,534,Noun,3.8
round,2,2,7,3,9,10,6,2,2,2,7,8,2,2,5,2,2,10,2,2,8,10,4,2,2,0,3.9,1.4,0,31,1,3393,Adjective,4.52
rule,2,2,5,3,2,4,5,2,4,3,2,2,6,2,2,5,5,2,2,2,6,4,2,2,5,0,2.57,1.37,0,28,1,2455,Noun,3.24
run,2,5,2,2,2,3,2,2,2,2,2,3,2,2,2,3,7,3,2,3,7,4,5,2,3,0,4.31,1.05,0,28,1,17878,Verb,2.96
safe,8,4,3,3,8,4,3,2,3,6,2,2,2,3,2,2,9,2,2,10,2,2,3,4,2,0,3.41,1.55,0,31,1,7303,Adjective,3.72
safety,3,7,2,2,3,7,2,5,6,2,2,7,3,7,2,2,2,3,5,2,5,2,3,3,3,0,2.37,1.31,0,28,1,1649,Noun,3.6
sale,2,4,2,5,9,7,2,9,6,2,9,7,2,5,3,10,2,8,8,8,9,3,2,3,4,0,3.37,1.3,0,29,1,1295,Noun,5.24
satisfaction,4,5,4,6,4,9,7,6,2,7,7,2,2,3,3,5,2,2,2,6,2,6,9,4,4,0,1.9,1.21,1,28,0.966666667,355,Noun,4.52
satisfy,2,2,2,2,4,2,6,5,2,3,6,2,3,2,2,2,7,2,3,6,3,8,3,2,6,0,2.04,1.09,0,27,1,286,Verb,3.48
save,2,3,2,3,2,4,5,2,5,2,5,2,4,3,2,2,2,3,4,4,2,4,4,5,3,0,2.42,1.1,0,27,1,8278,Verb,3.16
say,2,2,9,2,4,4,2,5,3,5,3,2,5,3,3,2,3,2,2,2,2,4,3,2,4,0,2.58,1.27,0,27,1,83629,Verb,3.2
scale,2,3,2,2,2,2,5,7,2,2,2,2,2,2,2,8,3,7,8,3,5,3,3,2,2,0,4.39,0.83,0,29,1,485,Noun,3.32
scene,2,3,4,3,3,2,8,2,3,2,3,5,3,3,7,2,8,3,2,2,3,2,3,2,2,0,3.93,1.33,0,29,1,3807,Noun,3.28
school,4,3,2,6,2,3,2,2,2,3,6,2,2,4,2,2,2,2,6,2,3,3,10,3,3,0,4.79,0.57,0,29,1,16989,Noun,3.24
scientific,2,3,4,2,8,7,3,2,2,3,9,3,2,3,3,3,6,3,10,2,3,8,8,2,8,0,2.45,1.43,0,30,1,580,Adjective,4.36
sea,10,8,8,5,2,2,8,9,2,3,2,2,2,3,2,7,5,7,2,9,10,9,4,3,3,0,4.79,0.49,0,29,1,3052,Noun,5.08
search,8,3,5,6,10,4,2,2,5,2,2,9,3,2,2,8,6,4,8,4,9,7,3,3,2,0,3,1.6,0,28,1,2467,Noun,4.76
season,2,4,4,2,7,4,5,3,6,2,2,5,2,2,2,2,2,2,8,7,4,2,2,3,3,0,3.32,1.25,0,28,1,1605,Noun,3.48
seat,4,2,7,6,2,3,2,6,6,2,2,2,5,3,2,2,2,2,4,6,5,2,3,5,6,0,4.78,0.58,0,29,1,4018,Noun,3.64
second,3,2,4,5,3,2,3,3,6,2,4,3,5,2,2,5,4,3,2,3,2,2,6,7,7,0,3.3,1.61,0,28,1,14513,Noun,3.6
secret,7,3,4,2,3,5,3,4,3,5,4,2,3,3,4,2,4,2,2,4,3,2,4,2,2,0,2.19,1.39,0,28,1,5585,Noun,3.28
section,2,2,2,3,2,3,2,3,5,6,2,2,4,3,3,3,2,5,4,2,2,5,2,3,2,0,3.24,1.21,0,28,1,1394,Noun,2.96
sector,3,6,8,10,4,4,5,7,4,2,3,2,5,2,6,7,6,2,3,2,4,2,4,3,10,0,3.41,1.18,0,29,1,360,Noun,4.56
secure,4,2,2,7,3,4,3,5,8,2,2,6,3,3,5,2,2,4,3,2,2,6,3,3,3,0,2.69,1.41,1,27,0.962962963,1241,Verb,3.56
security,3,5,4,5,4,2,6,3,10,4,3,4,2,7,3,5,3,2,5,3,2,5,5,4,4,0,2.82,1.44,0,28,1,4810,Noun,4.12
see,4,4,3,2,3,4,9,4,7,6,2,2,3,3,9,5,7,5,4,3,4,5,3,2,4,0,3.21,1.57,0,28,1,130393,Verb,4.28
seem,3,4,8,10,2,2,4,7,2,4,5,2,2,5,8,6,2,2,2,3,4,3,4,2,3,0,1.75,1,0,27,1,7131,Verb,3.96
self,6,3,2,3,2,4,8,2,3,2,4,3,8,4,6,2,4,4,3,4,5,5,3,8,6,0,3.1,1.71,0,28,1,722,Noun,4.16
sell,2,5,5,2,4,3,2,3,5,2,2,5,2,4,5,2,3,2,2,2,2,2,3,2,3,0,3.35,1.38,1,28,0.962962963,4705,Verb,2.96
send,3,2,2,3,10,2,10,6,7,6,5,3,6,4,2,2,2,4,5,7,2,2,3,3,9,0,2.7,1.23,0,27,1,9169,Verb,4.4
senior,8,10,8,2,2,4,2,4,4,2,2,2,2,4,5,2,3,2,2,7,8,2,2,2,4,0,2.97,1.45,0,30,1,1339,Adjective,3.8
sense,2,4,6,2,4,5,3,5,4,2,2,2,2,2,3,2,2,2,3,3,7,2,2,2,4,0,2.61,1.45,0,28,1,6722,Noun,3.08
sensitive,4,2,3,2,6,7,8,2,2,5,5,3,2,2,2,2,6,2,3,8,2,2,7,6,7,0,2.21,1.4,0,30,1,1149,Adjective,4
separate,2,2,2,2,2,3,3,2,4,3,2,2,2,7,8,2,2,7,2,2,3,6,2,2,3,0,3.25,1.24,0,30,1,1107,Adjective,3.08
series,2,2,3,2,2,2,2,2,2,2,2,5,2,2,3,6,2,2,2,2,4,7,5,3,2,0,2.92,1.26,0,28,1,1028,Noun,2.8
seriousness,2,2,2,2,2,2,3,6,4,2,2,3,5,2,3,4,3,2,4,4,2,3,6,2,4,0,1.5,0.82,0,28,1,64,Noun,3.04
serve,7,7,4,10,2,6,2,6,2,2,4,6,6,4,2,3,4,5,6,3,3,7,7,2,3,0,3.78,1.28,0,28,1,1935,Verb,4.52
service,7,8,5,5,5,2,6,2,5,2,2,3,3,2,3,3,4,6,4,5,8,6,4,7,5,0,2.21,1.26,0,28,1,4076,Noun,4.48
session,6,5,3,5,5,7,4,4,6,5,3,6,3,6,4,6,5,8,4,6,6,2,6,2,5,0,2.58,1.39,0,28,1,678,Noun,4.88
set,4,3,4,2,3,2,5,2,6,7,6,5,4,2,6,3,5,5,2,2,2,9,6,2,3,0,3.41,1.5,0,28,1,11805,Verb,4
settlement,2,4,5,10,2,4,4,2,3,6,2,4,8,7,3,4,2,3,6,3,2,2,2,5,2,0,3.07,1.39,0,28,1,322,Noun,3.88
several,3,2,3,4,3,4,4,3,5,3,2,5,3,2,2,3,3,3,2,2,2,3,2,5,6,0,3,1.39,0,29,1,1978,Determiner,3.16
severe,2,3,2,2,10,6,5,2,3,2,2,3,2,8,2,8,2,2,2,4,3,2,9,7,3,0,2.43,1.1,1,30,0.965517241,480,Adjective,3.84
severely,2,8,7,3,2,2,9,3,3,2,3,2,7,2,2,2,2,2,4,9,3,2,2,2,3,0,1.76,1.12,0,29,1,154,Adverb,3.52
sex,2,7,9,5,4,2,3,2,2,2,2,6,2,2,9,5,3,3,4,4,2,10,3,5,3,0,4.1,0.94,0,29,1,7761,Noun,4.04
sexual,6,5,5,2,10,2,4,2,6,7,3,2,10,10,3,2,2,7,3,3,3,6,8,6,7,0,2.5,1.33,2,30,0.928571429,1693,Adjective,4.96
shape,8,5,2,2,2,5,7,9,2,2,3,3,2,2,8,4,5,2,5,4,2,2,4,3,2,0,3.14,1.51,0,28,1,1542,Noun,3.8
share,10,3,4,3,2,4,4,3,4,3,2,4,2,2,5,2,4,2,2,2,2,4,3,4,2,0,2.96,1.32,0,28,1,3545,Verb,3.28
sharp,6,2,4,2,2,3,3,3,3,2,2,3,3,2,3,2,10,2,7,4,5,3,4,2,2,0,3.86,1.22,0,31,1,1213,Adjective,3.36
shift,2,7,2,2,2,5,2,3,2,2,4,4,2,3,2,2,5,6,3,5,5,6,4,2,3,0,2.81,1.3,2,28,0.928571429,1164,Noun,3.4
short,5,2,2,3,2,2,2,2,2,2,2,2,3,5,5,2,2,2,3,3,2,8,4,3,2,0,3.61,1.41,0,31,1,4367,Adjective,2.88
shot,6,5,2,2,4,6,2,3,6,3,4,7,3,5,2,9,2,5,2,7,5,4,5,3,4,0,4.44,0.89,0,29,1,11599,Noun,4.24
show,2,4,2,2,2,2,2,4,6,2,4,3,2,3,2,2,2,2,2,2,2,4,2,3,2,0,3.97,0.93,0,28,1,24906,Verb,2.6
showing,8,7,7,4,2,4,9,4,9,2,3,8,5,2,2,8,7,3,4,2,6,2,7,2,2,0,3.06,1.36,0,28,1,1587,Verb,4.76
sick,3,2,8,8,7,2,2,4,2,5,2,2,3,7,8,4,2,2,3,8,9,6,2,4,3,0,2.97,1.4,0,30,1,8437,Adjective,4.32
side,2,7,8,2,5,3,4,2,2,3,2,4,2,2,4,2,2,2,5,2,2,6,2,2,3,0,3.68,1.33,0,29,1,10247,Noun,3.2
sign,4,4,2,2,3,2,8,3,2,2,3,3,3,8,5,10,2,3,9,4,6,3,6,2,4,0,4.62,0.62,0,28,1,6797,Verb,4.12
significance,2,3,2,9,9,10,8,4,10,7,9,2,2,3,6,6,2,9,2,5,4,2,3,2,2,0,1.68,1.16,0,28,1,178,Noun,4.92
similar,2,4,3,2,5,5,10,2,9,3,9,4,3,6,9,6,3,8,6,3,2,3,5,2,4,0,2.46,1.26,0,30,1,695,Adjective,4.72
simple,3,5,8,8,5,10,5,2,9,9,4,6,7,9,7,9,6,10,8,8,5,6,9,5,9,0,1.62,0.98,0,30,1,4555,Adjective,6.88
single,2,2,4,3,5,6,2,2,6,2,2,2,2,2,6,4,3,3,2,2,8,2,3,6,2,0,3.27,1.35,0,30,1,3676,Adjective,3.32
sit,2,3,2,4,2,3,3,3,2,2,3,4,3,2,3,2,3,2,3,2,2,2,3,2,2,0,4.8,0.55,0,28,1,15879,Verb,2.56
site,2,10,2,3,10,3,8,2,4,2,2,6,2,7,2,2,3,2,3,7,3,2,8,2,2,0,4.56,0.89,0,29,1,980,Noun,3.96
situation,2,6,8,2,5,6,3,3,3,6,6,2,4,3,4,7,7,2,3,3,4,3,8,2,2,0,2.03,1.15,0,28,1,4207,Noun,4.16
six,2,2,7,3,7,2,2,2,6,3,2,6,2,3,3,3,3,3,2,2,2,2,9,3,4,0,3.43,1.57,0,28,1,10176,Number,3.4
slow,2,7,9,5,5,2,2,2,2,8,10,2,8,7,5,3,2,5,2,3,5,2,7,10,8,0,3.28,1.25,0,30,1,3877,Adjective,4.92
small,6,6,2,3,2,2,5,2,5,5,2,3,4,4,6,3,4,3,3,3,2,6,4,2,2,0,3.22,1.67,0,30,1,6373,Adjective,3.56
smooth,3,3,5,3,5,2,10,6,4,5,4,5,2,3,2,5,9,3,6,6,10,8,4,2,5,0,3.81,1.24,0,31,1,932,Adjective,4.8
so,4,2,3,4,4,2,3,2,4,5,5,4,7,4,2,3,4,2,6,4,3,6,2,5,3,0,1.42,0.95,1,29,0.962962963,216452,Adverb,3.72
social,2,5,4,5,8,4,5,9,5,5,4,3,4,2,3,2,3,2,2,5,3,7,3,5,2,0,2.27,1.28,0,30,1,1703,Adjective,4.08
solid,8,2,5,10,7,4,7,2,10,6,7,7,8,8,9,8,3,7,2,3,2,10,2,6,9,0,4.42,0.81,0,32,1,998,Adjective,6.08
sound,2,2,2,3,2,3,5,4,5,4,2,4,4,9,2,2,10,9,10,5,2,2,3,2,2,0,3.7,1.44,0,28,1,7313,Verb,4
source,2,10,3,5,4,2,2,5,2,2,2,4,2,2,7,2,2,2,2,4,2,3,3,3,2,0,2.96,1.48,0,28,1,1437,Noun,3.16
south,8,5,2,6,8,5,5,5,3,3,4,6,10,2,2,3,3,3,5,3,9,5,2,10,3,0,3.84,1.27,0,29,1,3288,Noun,4.8
sovereign,4,8,3,8,6,6,4,10,9,9,2,2,4,6,2,7,10,3,10,6,3,3,2,10,4,0,2.04,1.37,0,28,1,128,Noun,5.64
space,5,4,2,3,4,3,5,5,6,2,10,2,5,2,4,4,8,3,4,2,4,2,4,3,3,0,3.54,1.48,0,29,1,3369,Noun,3.96
spare,5,3,3,3,2,2,3,9,3,9,2,2,2,10,2,2,3,2,7,3,10,9,8,2,9,0,3.48,1.33,0,28,1,1573,Verb,4.6
special,4,7,4,6,10,3,4,5,2,2,4,2,5,5,3,5,2,5,4,4,5,7,2,4,3,0,1.76,1.02,0,30,1,7577,Adjective,4.28
specify,6,2,2,2,10,5,4,5,8,4,3,3,3,2,6,3,3,4,8,3,3,3,6,2,9,0,2.3,1.32,0,27,1,46,Verb,4.36
speed,6,9,4,8,5,3,4,4,5,7,10,7,7,9,8,2,3,9,3,6,9,9,2,3,2,0,3.62,1.29,0,29,1,2104,Noun,5.76
spirit,6,2,2,3,5,2,5,2,4,3,3,2,4,5,2,4,2,2,2,5,9,3,2,2,5,0,1.6,1.04,0,28,1,2517,Noun,3.44
sponsor,8,4,4,2,5,2,6,2,3,2,2,6,6,5,2,2,7,3,3,4,6,5,3,8,2,0,3.28,1.67,0,28,1,273,Noun,4.08
spread,2,3,7,2,5,6,2,3,3,2,3,2,3,3,5,10,2,2,3,5,2,8,2,3,3,0,3.68,1.44,0,28,1,1596,Verb,3.64
spring,7,2,3,3,5,2,3,6,10,3,2,3,3,10,7,3,2,10,6,3,2,2,2,4,3,0,3.89,1.12,0,29,1,1597,Noun,4.24
square,3,10,2,3,6,2,6,9,9,7,2,2,2,4,2,2,5,9,5,10,2,9,7,10,4,0,4.33,0.84,0,29,1,1620,Noun,5.28
stage,4,2,2,5,3,3,2,2,8,8,3,4,10,2,2,7,2,3,7,4,3,4,5,4,3,0,4.64,0.91,0,29,1,2324,Noun,4.08
stake,2,5,2,2,3,2,5,3,2,5,2,2,5,3,6,4,3,5,3,2,5,2,2,3,3,0,4.21,1.26,0,29,1,847,Noun,3.24
stand,5,4,3,9,2,8,5,4,7,8,4,2,2,4,2,2,2,2,3,2,3,2,4,4,5,0,4.16,1.25,0,28,1,11536,Verb,3.92
standard,6,3,8,5,9,6,8,7,4,3,6,2,6,10,9,5,4,5,4,7,3,5,10,2,4,0,1.83,1.15,0,30,1,940,Adjective,5.64
standing,10,3,3,4,2,2,4,7,2,10,2,3,2,10,9,2,2,8,3,2,2,10,3,2,7,0,4.04,1.32,0,28,1,3994,Verb,4.56
start,2,3,2,2,2,3,2,2,10,3,2,2,2,5,2,2,4,5,3,2,2,3,2,3,2,0,2.71,1.18,0,27,1,17345,Verb,2.88
starting,10,2,2,4,4,9,3,7,6,10,2,2,3,10,2,3,5,4,2,2,2,2,3,2,2,0,2.14,1.33,0,27,1,3558,Verb,4.12
state,5,5,6,5,4,2,6,5,2,4,4,2,5,2,5,4,4,3,7,2,2,4,2,4,2,0,3.52,1.45,0,29,1,5500,Noun,3.84
statement,6,9,2,9,2,5,2,6,9,7,7,3,5,4,2,6,8,6,8,4,9,5,8,4,4,0,2.96,1.17,0,28,1,1491,Noun,5.6
station,2,3,2,2,10,6,8,7,4,2,10,3,2,2,6,8,2,8,2,2,2,2,3,2,2,0,4.32,1.16,0,29,1,4033,Noun,4.08
stay,2,2,4,5,2,8,5,7,5,2,2,2,3,8,2,3,7,7,2,5,2,7,4,5,3,0,2.15,1.35,0,27,1,26298,Verb,4.16
step,4,5,2,5,2,2,2,2,4,2,3,2,3,2,3,6,6,8,3,2,4,8,5,3,2,0,4.54,0.79,0,28,1,6052,Verb,3.6
steps,4,6,2,4,8,3,3,2,2,3,6,2,4,2,3,2,3,2,5,2,10,2,2,3,3,0,4.39,1.23,0,29,1,1259,Noun,3.52
still,3,9,4,4,4,5,3,7,5,9,7,4,3,2,3,6,10,2,5,6,4,3,4,2,4,0,3.46,1.35,0,30,1,40225,Adverb,4.72
stimulate,2,2,2,3,2,2,4,2,3,3,2,2,4,2,2,2,2,2,2,5,3,3,2,2,2,0,3.22,1.4,0,28,1,70,Verb,2.48
stock,5,4,4,10,2,2,2,6,3,6,9,10,2,2,5,9,4,8,3,4,7,3,7,6,8,0,4.19,0.8,1,29,0.962962963,1300,Noun,5.24
stop,3,4,2,2,2,3,2,4,3,5,2,4,2,2,3,2,5,4,2,3,2,3,2,4,2,0,3.68,1.28,0,28,1,36071,Verb,2.88
storage,9,9,9,5,9,8,5,5,9,3,9,6,4,5,3,4,9,4,10,4,2,2,10,2,2,0,3.47,1.2,0,29,1,452,Noun,5.88
street,2,5,8,2,2,3,4,2,9,2,4,3,8,3,7,5,2,6,3,2,3,3,8,5,9,0,4.75,0.76,0,29,1,7557,Noun,4.4
strength,4,4,6,4,8,2,2,2,2,2,3,4,3,2,3,2,2,5,2,5,2,4,6,2,2,0,2.96,1.43,0,28,1,1883,Noun,3.32
strengthen,2,3,5,3,10,4,3,8,4,3,4,2,2,2,2,2,3,3,2,4,3,4,4,7,6,0,2.5,1.22,0,27,1,82,Verb,3.8
stress,3,2,2,2,2,2,8,3,2,3,3,2,9,2,2,2,2,9,2,2,3,9,2,2,4,0,2.62,1.32,0,28,1,796,Noun,3.36
strike,2,2,2,2,2,2,3,2,2,2,2,2,4,3,2,7,4,2,2,2,2,2,3,2,4,0,4.07,1.24,0,28,1,2324,Verb,2.56
strip,7,8,3,7,3,2,3,8,3,5,3,4,2,2,2,2,2,5,5,6,2,2,5,7,2,0,3.75,1.29,0,29,1,800,Noun,4
structure,4,2,2,3,7,2,7,2,2,2,3,2,2,7,2,6,3,3,2,3,8,3,2,7,4,0,4.03,1.43,0,29,1,519,Noun,3.6
struggle,2,7,4,3,3,2,10,3,3,3,2,5,5,3,2,4,2,3,5,3,3,2,5,2,5,0,2.79,1.42,0,28,1,682,Noun,3.64
study,2,2,9,5,3,2,9,3,2,3,9,2,7,2,3,2,9,3,3,3,2,2,8,3,4,0,3.7,1.44,0,29,1,2501,Noun,4.08
style,2,2,2,3,3,2,2,4,3,4,2,2,2,3,2,3,2,3,3,2,5,2,2,2,2,0,2.67,1.37,0,28,1,1534,Noun,2.56
sub,4,3,2,4,6,4,3,2,3,4,8,2,2,2,9,2,2,2,9,4,6,4,7,2,2,0,3.46,1.59,3,29,0.888888889,390,Noun,3.92
subject,4,3,4,9,10,3,3,3,3,4,3,6,2,2,3,4,3,6,6,6,7,2,2,4,2,0,3.14,1.68,0,28,1,1885,Noun,4.16
submission,4,9,4,2,8,4,3,7,10,3,2,2,5,2,6,5,2,2,2,2,4,2,4,3,2,0,3,1.36,0,28,1,55,Noun,3.96
submit,3,5,10,5,2,10,7,8,3,2,4,8,6,7,8,2,3,4,2,2,4,4,5,4,4,0,2.68,1.47,0,27,1,282,Verb,4.88
substantial,3,6,4,2,2,2,3,2,3,3,2,3,2,4,7,3,4,7,2,4,3,8,2,4,3,0,2.03,1.03,0,30,1,182,Adjective,3.52
substitute,4,4,2,4,2,3,5,2,3,2,2,6,2,6,2,3,6,4,2,5,2,2,3,2,5,0,2.82,1.52,0,28,1,238,Noun,3.32
suffer,10,6,4,2,2,3,2,2,10,3,4,8,3,2,2,2,8,2,2,7,2,6,5,3,9,0,2.28,1.1,0,27,1,1148,Verb,4.36
suffering,2,2,2,5,9,9,6,6,2,2,9,2,2,2,2,3,4,3,6,5,4,4,5,2,6,0,2.39,1.34,0,27,1,991,Verb,4.16
suggest,10,4,5,2,3,5,9,2,2,4,3,2,10,2,3,7,2,2,5,2,5,2,10,2,4,0,1.8,1.12,0,27,1,2001,Verb,4.28
suggestion,7,2,3,9,7,3,8,2,5,5,8,2,7,8,8,6,2,7,7,6,7,6,8,6,7,0,2.23,1.14,0,28,1,622,Noun,5.84
suit,10,3,3,2,10,2,3,5,2,2,2,2,2,4,2,4,6,2,2,5,4,3,2,2,5,0,4.97,0.19,0,29,1,3499,Noun,3.56
sum,3,3,5,3,3,2,5,2,2,2,2,3,3,3,2,3,5,9,2,4,3,3,3,5,2,0,2.89,1.5,0,28,1,523,Noun,3.28
supply,2,2,3,5,9,5,8,7,3,3,2,3,2,3,5,2,3,9,3,5,3,7,2,2,6,0,3.43,1.4,0,29,1,952,Noun,4.16
support,4,2,3,3,4,2,2,2,2,2,3,5,2,5,3,3,3,4,3,4,4,2,5,6,2,0,2.83,1.29,0,28,1,2587,Noun,3.2
suppress,5,3,4,3,3,2,3,2,2,4,2,3,5,3,3,3,2,3,3,2,2,5,4,2,5,0,2.22,1.28,0,27,1,76,Verb,3.12
supreme,10,2,3,2,3,3,4,4,2,10,3,3,9,5,2,6,2,4,3,3,8,2,2,4,2,0,2,1.25,0,30,1,447,Adjective,4.04
sure,7,3,10,2,9,3,4,2,9,3,10,2,2,3,2,2,2,10,7,4,2,2,10,2,2,0,1.73,0.92,1,30,0.962962963,56091,Adjective,4.56
surface,9,3,9,2,4,6,2,2,3,3,6,2,9,2,5,4,9,9,7,3,2,10,2,6,3,0,4.26,1.13,0,29,1,930,Noun,4.88
survey,2,5,7,2,3,2,2,2,3,5,2,5,3,3,3,4,4,5,2,2,4,3,9,4,2,0,4.08,1.19,0,29,1,227,Noun,3.52
survive,3,5,2,4,2,3,4,2,2,6,5,2,6,2,4,2,3,3,2,2,2,2,3,4,5,0,2.55,1.5,0,27,1,1537,Verb,3.2
suspect,4,5,3,2,2,3,2,2,3,2,2,5,4,2,6,3,5,5,2,2,4,2,2,3,2,0,2.59,1.58,0,28,1,2254,Noun,3.08
suspend,3,4,5,2,5,4,5,3,2,2,4,5,2,4,4,4,4,3,2,4,4,3,4,3,2,0,2.74,1.43,0,27,1,141,Verb,3.48
sustain,8,4,8,5,8,7,6,6,4,5,3,2,5,8,5,6,3,6,6,7,6,6,5,9,3,0,2.17,1.32,0,27,1,136,Verb,5.64
system,2,5,3,5,4,3,7,6,2,6,4,3,3,3,3,5,2,3,3,4,5,3,2,5,6,0,2.94,1.31,0,28,1,4667,Noun,3.88
table,8,2,6,2,2,10,2,5,2,4,2,4,2,2,2,7,3,2,5,3,5,2,4,2,2,0,4.9,0.41,0,29,1,5387,Noun,3.6
tackle,3,6,2,2,8,2,3,7,7,3,2,2,2,2,3,4,2,2,2,2,3,4,8,4,3,0,4.28,1.22,0,28,1,219,Verb,3.52
take,7,5,4,3,5,5,5,4,3,5,4,2,5,4,4,5,7,4,8,6,5,6,5,3,3,0,3.06,1.44,0,28,1,96443,Verb,4.68
talk,3,3,4,3,3,2,6,2,4,5,4,3,5,2,4,2,3,2,4,2,4,3,2,3,3,0,4.07,1.25,0,28,1,43605,Verb,3.24
target,2,2,2,3,2,3,4,4,2,8,3,2,3,2,2,2,6,6,6,5,3,2,3,2,2,0,4.11,1.13,0,29,1,1936,Noun,3.24
teaching,10,3,10,5,3,2,9,7,5,3,6,2,7,7,5,8,7,10,2,6,2,3,7,9,8,0,2.82,1.36,0,28,1,1010,Verb,5.84
telephone,2,2,3,2,2,2,3,4,5,3,2,3,3,3,2,9,2,2,2,4,3,8,4,3,3,0,4.96,0.19,0,29,1,1651,Noun,3.24
television,2,2,2,2,2,6,10,4,2,10,2,2,2,2,9,2,4,3,4,5,2,2,2,2,3,0,4.83,0.76,0,29,1,1729,Noun,3.52
tend,4,2,4,2,5,2,4,7,2,2,3,2,3,2,2,2,2,2,4,3,7,2,4,3,3,0,2,1.09,0,27,1,626,Verb,3.12
tension,5,4,3,3,3,3,4,6,2,8,3,5,2,4,2,2,2,5,3,2,6,2,3,3,3,0,2.6,1.3,1,28,0.967741935,436,Noun,3.52
term,3,4,3,5,4,6,3,6,5,5,2,3,3,3,3,7,8,6,3,5,5,3,8,2,7,0,2.82,1.42,0,28,1,890,Noun,4.48
territory,3,3,4,2,2,7,2,3,5,2,2,3,3,2,5,2,3,2,2,3,4,2,2,2,3,0,3.41,1.5,0,29,1,748,Noun,2.92
test,2,2,4,10,9,6,7,10,5,4,4,2,6,2,6,4,8,2,2,2,4,5,5,2,3,0,3.93,1.47,0,29,1,4288,Noun,4.64
testimony,5,2,6,8,3,5,4,3,8,6,2,5,8,3,6,4,8,5,2,2,2,3,4,2,8,0,3.21,1.42,0,28,1,752,Noun,4.56
testing,2,2,6,2,7,10,2,10,9,3,3,3,8,5,2,2,5,8,2,4,2,5,10,2,3,0,3.43,1.43,1,28,0.965517241,771,Verb,4.68
then,2,4,6,5,3,2,3,2,3,6,4,6,6,4,2,4,5,2,2,2,3,2,6,3,3,0,1.44,0.8,2,29,0.931034483,75966,Adverb,3.6
theory,7,4,4,3,2,3,2,3,7,2,4,3,5,5,3,4,5,5,3,2,3,2,5,2,3,0,1.47,0.87,6,28,0.999009247,1459,Noun,3.64
there,3,5,4,4,3,6,5,3,5,4,2,5,3,4,3,3,7,2,5,3,4,7,4,5,3,0,2.2,1.3,0,29,1,221754,Ex,4.08
thing,2,5,4,6,4,2,2,4,2,5,5,7,3,2,6,2,6,2,2,7,7,2,2,5,2,0,3.17,1.42,0,28,1,55522,Noun,3.84
think,5,2,2,7,2,4,4,2,4,5,4,2,5,3,2,3,2,2,2,2,2,5,2,2,2,0,2.41,1.39,0,27,1,137261,Verb,3.08
third,5,3,3,3,5,2,4,4,2,4,2,2,3,5,4,2,2,3,2,2,2,4,6,3,6,0,3.44,1.53,0,28,1,3801,Number,3.32
threat,6,2,4,2,2,8,4,10,2,4,2,2,3,5,2,2,2,2,4,3,7,4,3,3,2,0,2.52,1.12,0,28,1,1059,Noun,3.6
threaten,7,7,2,2,7,2,3,4,3,2,6,2,6,3,2,2,7,4,3,2,2,2,4,2,2,0,2.63,1.5,0,27,1,435,Verb,3.52
time,2,6,4,4,3,5,6,3,4,3,5,3,2,4,2,5,2,3,4,3,2,3,5,3,2,0,3.07,1.46,0,28,1,99890,Noun,3.52
timely,9,3,5,9,8,4,2,2,4,2,2,4,2,2,2,5,9,2,7,2,2,2,2,2,7,0,2.28,1.19,0,30,1,55,Adjective,4
times,10,7,9,8,5,2,2,6,3,3,2,3,2,2,4,3,6,8,2,4,3,4,2,4,7,0,2.07,1.16,0,28,1,11221,Noun,4.44
title,10,4,2,5,3,2,6,6,7,3,3,2,2,3,3,9,2,2,8,3,2,2,6,3,2,0,3.32,1.28,0,28,1,947,Noun,4
together,4,7,3,4,5,4,5,6,2,2,3,4,3,4,2,2,4,8,2,2,2,3,2,4,6,0,2.74,1.43,0,30,1,19553,Adverb,3.72
top,3,7,5,2,3,3,2,2,2,2,2,3,3,2,2,3,3,6,2,2,3,2,2,2,4,0,3.93,1.54,0,29,1,6805,Noun,2.88
torture,2,2,2,3,6,6,6,10,2,3,10,2,2,4,8,4,6,4,5,9,5,2,5,4,5,0,3.59,1.28,0,29,1,812,Noun,4.68
total,6,7,7,3,3,3,5,2,2,7,2,3,5,3,4,4,6,2,3,5,3,2,2,3,2,0,2.8,1.47,0,30,1,1920,Adjective,3.76
town,6,3,6,7,2,3,4,7,4,4,5,6,5,9,7,8,4,5,4,3,2,5,3,4,3,0,4.64,0.78,0,29,1,12644,Noun,4.76
track,3,5,2,3,2,2,10,6,5,4,2,2,5,3,2,3,2,3,2,2,7,3,2,3,2,0,4.31,1.2,0,29,1,2843,Noun,3.4
trade,4,5,5,6,4,5,9,9,5,7,7,6,7,2,4,9,6,8,5,5,2,5,5,4,4,0,3.08,1.38,0,28,1,1795,Noun,5.52
traditional,3,3,2,7,3,6,6,4,8,2,2,6,6,6,5,2,3,2,2,10,9,2,3,2,2,0,1.76,1.01,0,30,1,415,Adjective,4.24
train,9,2,2,2,3,7,8,2,6,2,4,4,7,5,8,3,2,3,2,2,2,10,3,2,5,0,4.79,0.56,0,29,1,4848,Noun,4.2
transfer,2,7,3,9,5,3,5,5,4,4,3,2,9,4,4,5,2,9,9,2,2,7,2,5,2,0,3.04,1.34,0,28,1,1048,Noun,4.56
transition,8,7,5,7,5,3,4,8,5,9,4,10,4,4,10,5,3,4,2,4,7,4,4,5,9,0,2.19,1.3,0,28,1,159,Noun,5.6
translate,3,2,2,4,4,2,2,2,4,4,2,2,5,4,2,2,4,3,2,3,2,2,3,2,3,0,2.69,1.63,0,27,1,246,Verb,2.8
translation,2,2,2,10,2,2,5,3,4,2,6,6,2,3,4,2,7,2,7,6,3,9,2,8,2,0,2.96,1.43,1,28,0.962962963,239,Noun,4.12
transport,4,2,6,3,2,4,3,2,4,2,3,2,6,2,2,3,4,7,7,5,2,2,5,3,3,0,3.5,1.23,0,29,1,571,Noun,3.52
travel,2,2,2,2,2,4,5,4,2,5,2,10,6,2,3,2,2,2,4,2,5,4,2,2,3,0,3.67,1.01,0,28,1,1702,Verb,3.24
treat,2,2,3,5,3,3,2,5,3,10,2,4,2,9,3,2,4,4,2,5,4,4,2,3,2,0,3.79,1.2,0,28,1,2646,Verb,3.6
trust,2,7,8,2,5,2,2,6,4,8,6,4,2,2,9,7,3,3,4,5,4,2,2,2,4,0,2.04,1.29,0,27,1,9087,Verb,4.2
try,5,2,9,2,2,2,6,2,2,5,10,4,4,3,7,2,2,5,2,7,7,4,2,2,9,0,2.22,1.4,0,27,1,24314,Verb,4.28
turn,2,3,2,3,3,6,3,3,3,2,2,2,5,2,2,2,2,4,2,2,3,3,2,2,2,0,3.44,1.42,0,28,1,15630,Verb,2.68
twenty,3,2,2,3,2,4,8,5,2,5,3,2,2,5,6,3,2,2,7,2,3,2,2,2,2,0,3.67,1.56,0,28,1,1378,Number,3.24
type,5,8,9,6,8,3,4,3,8,2,2,3,2,9,9,7,7,4,5,4,2,8,2,2,4,0,3.3,1.61,0,28,1,3093,Noun,5.04
understanding,8,3,4,2,6,6,5,2,4,2,2,3,3,2,3,3,2,3,8,6,2,2,6,4,5,0,1.92,1.32,0,28,1,1117,Noun,3.84
uniform,6,2,2,2,2,2,6,3,7,2,2,6,2,2,2,2,3,2,2,2,2,2,2,2,6,0,4.67,0.68,2,29,0.931034483,1266,Noun,2.92
unit,7,2,3,8,2,8,3,2,3,4,4,3,6,2,2,3,4,2,3,2,3,2,2,3,2,0,3.77,1.31,0,29,1,1845,Noun,3.4
unity,8,2,2,2,10,2,2,4,2,2,2,10,9,2,5,2,2,10,8,3,2,6,8,2,2,0,2.23,1.38,0,28,1,138,Noun,4.36
up,3,5,6,4,2,4,8,2,6,6,5,4,5,2,6,3,5,7,5,3,5,7,8,8,2,0,3.83,1.44,0,30,1,187170,Adverb,4.84
update,4,6,2,2,2,10,3,2,2,4,8,2,2,9,7,7,5,4,3,3,8,2,3,7,3,0,2.79,1.32,0,28,1,252,Noun,4.4
upper,4,3,5,2,3,4,5,2,3,4,3,4,4,3,4,3,4,5,3,3,4,4,4,3,4,0,3.37,1.61,0,31,1,616,Adjective,3.6
urban,4,2,2,4,10,6,2,6,4,10,10,2,3,2,4,2,2,3,10,3,6,7,6,2,2,0,3.43,1.29,1,31,0.965517241,237,Adjective,4.56
urge,9,3,2,2,2,2,2,5,2,2,2,2,2,7,8,2,4,3,4,3,2,3,3,3,4,0,1.93,0.92,0,28,1,339,Noun,3.32
use,6,2,2,4,7,5,5,5,3,5,4,6,6,5,2,4,2,5,5,7,4,7,10,2,5,0,2.78,1.37,0,28,1,17536,Verb,4.72
utmost,2,2,2,8,2,2,2,2,6,2,2,4,2,4,3,3,2,2,3,4,4,2,2,7,4,0,1.64,1.03,0,30,1,118,Adjective,3.12
value,2,7,6,2,2,5,10,3,7,2,3,2,2,2,2,3,5,2,7,3,3,2,3,2,2,0,1.62,0.88,0,28,1,1097,Noun,3.56
variety,2,2,2,3,2,2,4,3,7,2,3,4,7,2,5,2,6,2,2,2,5,2,2,2,2,0,2.13,1.43,0,28,1,294,Noun,3.08
venture,3,3,2,3,5,5,2,2,5,6,2,3,3,2,2,3,3,4,4,4,4,4,2,2,3,0,2.6,1.48,0,28,1,241,Noun,3.24
version,2,6,2,4,7,2,2,2,3,2,2,7,2,4,6,2,2,8,3,4,2,4,3,2,2,0,1.7,0.79,0,28,1,828,Noun,3.4
view,4,5,5,6,7,3,4,5,3,3,2,4,6,5,4,2,7,3,4,2,4,4,3,6,3,0,3.21,1.37,0,28,1,1965,Noun,4.16
village,3,3,4,6,2,10,3,5,3,3,9,6,2,9,2,5,2,10,4,10,2,9,2,2,2,0,4.89,0.31,0,29,1,1712,Noun,4.72
violate,3,4,5,5,2,5,2,5,5,2,6,2,3,4,2,3,3,2,2,2,2,2,5,2,3,0,1.88,1.11,0,27,1,122,Verb,3.24
violence,2,4,7,7,4,3,7,7,7,5,4,2,2,5,2,3,2,2,7,6,3,5,4,3,3,0,3.07,1.27,0,28,1,1173,Noun,4.24
violent,3,3,2,2,4,5,4,4,2,9,4,2,6,2,5,4,2,3,3,3,6,4,4,3,2,0,3.1,1.37,0,30,1,850,Adjective,3.64
vision,2,4,2,3,2,2,5,3,2,2,2,3,3,2,2,2,2,2,3,3,2,2,3,2,2,0,3.39,1.34,0,29,1,1218,Noun,2.48
visit,3,2,3,2,5,5,8,3,3,5,3,5,3,4,2,4,7,5,4,2,3,3,3,4,6,0,3.92,1.06,1,28,0.962962963,2993,Verb,3.88
voice,2,8,4,2,2,7,7,6,3,2,2,2,3,2,2,4,2,3,3,2,8,2,3,3,6,0,4.13,1.01,0,29,1,4394,Noun,3.6
volume,3,2,2,10,5,4,2,3,3,9,2,4,5,2,6,8,2,2,2,10,8,4,9,3,3,0,3.07,1.56,1,28,0.965517241,354,Noun,4.52
vote,7,5,4,3,6,4,2,2,2,2,2,4,2,6,5,6,4,9,8,2,3,4,2,3,2,0,3.85,1.43,1,28,0.964285714,1751,Verb,3.96
wall,5,2,2,2,2,4,3,7,3,2,9,3,2,6,2,2,2,2,3,5,2,2,3,2,2,0,4.86,0.45,0,29,1,3605,Noun,3.16
want,10,3,2,3,3,8,4,2,6,3,3,2,5,3,8,2,2,4,4,2,2,3,3,5,2,0,1.93,1.33,0,27,1,140718,Verb,3.76
war,2,4,8,4,4,3,4,6,4,4,2,5,8,2,3,7,6,5,6,4,3,3,3,4,2,0,3.63,1.18,0,29,1,8912,Noun,4.24
warm,2,2,3,3,3,2,3,4,2,2,2,3,4,5,4,2,2,3,4,4,3,2,2,3,5,0,3.56,1.42,0,31,1,2659,Adjective,2.96
warning,3,9,2,7,4,2,3,4,2,4,2,3,2,2,2,5,4,2,2,6,3,2,3,2,2,0,3.21,1.37,0,28,1,1630,Noun,3.28
waste,6,5,8,2,2,2,3,8,5,2,8,2,10,2,2,7,8,2,3,10,2,3,10,6,2,0,3.24,1.46,0,28,1,2716,Verb,4.8
water,4,5,6,6,4,2,8,4,2,4,2,3,6,3,4,2,2,9,5,6,2,4,4,2,4,0,5,0,0,29,1,11478,Noun,4.12
way,2,4,8,2,4,5,3,2,2,5,2,3,3,4,3,3,2,6,2,2,3,3,4,2,2,0,2.34,1.37,0,28,1,72661,Noun,3.24
weapon,2,5,2,2,6,2,3,2,9,6,6,2,2,4,2,9,5,3,3,2,6,5,6,3,2,0,4.76,0.44,0,29,1,2379,Noun,3.96
week,9,4,7,2,3,2,2,4,5,2,2,3,7,5,2,5,7,6,3,2,2,5,3,2,4,0,3.48,1.4,0,29,1,12164,Noun,3.92
weight,2,3,2,2,5,3,7,2,10,2,2,5,2,2,3,2,3,3,3,4,2,2,8,2,2,0,3.94,1.21,0,29,1,1850,Noun,3.32
well,6,6,5,4,5,4,4,3,8,3,2,5,6,4,3,3,3,3,2,4,3,3,2,3,2,0,3.33,1.58,0,30,1,152523,Adverb,3.84
west,2,6,2,3,4,2,7,2,5,3,2,2,2,5,7,2,7,2,6,8,3,2,5,4,2,0,3.44,1.76,0,29,1,3088,Noun,3.8
whole,2,4,4,3,2,4,10,6,7,3,8,3,3,5,9,5,7,3,3,7,8,5,6,3,2,0,3.25,1.62,0,30,1,19660,Adjective,4.88
wide,2,5,3,3,6,3,7,4,6,2,2,8,2,3,3,6,7,3,8,2,2,4,2,2,2,0,3.06,1.29,0,30,1,1214,Adjective,3.88
widely,4,4,2,2,2,2,6,4,2,3,3,2,3,2,5,9,4,2,5,2,2,2,2,5,6,0,2.21,1.26,0,30,1,76,Adverb,3.4
wild,7,6,2,7,8,9,5,2,7,8,3,6,8,9,10,7,8,2,7,7,3,2,10,2,2,0,2.41,1.19,0,30,1,2923,Adjective,5.88
willing,2,2,2,2,3,4,4,7,8,6,3,2,2,10,2,2,7,6,6,2,5,2,8,6,10,0,2.07,1.12,0,30,1,2512,Adjective,4.52
wish,6,2,4,3,4,2,2,5,8,5,2,5,7,4,2,2,2,5,2,4,7,2,3,3,2,0,1.77,1.25,0,27,1,11991,Verb,3.72
withdraw,10,3,2,4,2,10,9,2,2,4,6,2,5,3,5,3,6,9,6,2,3,2,9,4,5,0,3.04,1.43,0,28,1,337,Verb,4.72
withdrawal,8,7,2,2,2,8,5,8,7,5,2,2,2,8,3,2,8,5,8,2,3,3,2,5,2,0,2.33,1.04,0,28,1,146,Noun,4.44
witness,2,3,10,4,2,6,7,3,2,6,8,2,10,9,3,5,3,5,8,4,4,2,3,8,2,0,4.07,1.03,0,29,1,2621,Noun,4.84
word,9,2,3,5,4,3,6,5,2,5,2,3,2,3,4,3,8,2,6,8,2,5,5,5,5,0,3.56,1.63,0,29,1,12013,Noun,4.28
work,4,4,4,3,3,2,9,6,5,7,2,3,5,4,5,8,3,4,3,7,5,5,2,4,2,0,3.48,1.5,0,28,1,40699,Verb,4.36
world,3,4,5,3,3,4,7,7,3,6,3,3,4,2,2,4,6,4,3,7,2,4,4,7,3,0,4.36,0.87,0,29,1,23216,Noun,4.12
worse,4,2,3,2,2,8,5,2,2,8,2,2,2,5,2,7,8,4,2,4,2,3,2,3,2,0,1.61,0.92,0,30,1,5002,Adjective,3.52
write,4,2,4,6,4,6,7,6,6,4,2,6,5,3,5,4,3,7,6,5,4,5,4,3,3,0,4.22,1.09,0,28,1,6467,Verb,4.56
writing,9,2,3,2,2,7,2,2,3,2,2,2,2,3,4,2,6,5,2,4,2,2,3,2,4,0,3.7,1.49,0,28,1,2852,Verb,3.16
yet,3,3,2,7,3,3,2,3,5,2,2,4,3,5,3,2,5,2,6,2,2,3,3,3,2,0,1.39,0.83,0,29,1,17428,Adverb,3.2
yield,6,4,4,2,3,5,5,3,2,3,3,3,2,4,3,5,4,2,6,5,5,5,2,3,3,0,2.93,1.51,0,28,1,206,Verb,3.68
young,3,2,2,2,2,3,2,3,2,5,2,4,2,2,2,4,4,3,2,2,2,4,3,3,3,0,3.16,1.46,0,30,1,12402,Adjective,2.72
youth,3,6,6,3,2,2,4,5,2,2,6,2,5,6,3,5,8,2,2,3,2,6,3,2,2,0,3.28,1.34,0,28,1,858,Noun,3.68
zero,2,4,2,3,10,2,8,5,4,2,2,10,5,4,8,2,4,2,6,3,3,2,10,4,2,0,2.86,1.68,0,28,1,1094,Number,4.36
bitter,4,2,3,2,7,3,5,2,5,3,3,6,5,3,3,6,4,3,2,2,2,2,3,2,5,0,2.93,1.53,0,30,1,568,Adjective,3.48
black,3,2,9,5,9,10,2,8,2,4,3,4,3,8,2,2,2,2,10,2,10,4,5,3,2,0,3.76,1.64,0,31,1,8565,Adjective,4.64
block,2,3,2,3,7,3,2,4,2,7,2,3,5,2,2,4,2,5,4,3,3,4,2,3,3,0,4.48,1.09,0,29,1,2067,Noun,3.28
blood,4,3,3,2,5,6,2,2,4,4,5,3,6,2,4,2,10,3,2,10,8,2,10,2,2,0,4.86,0.44,0,29,1,9492,Noun,4.24
blue,2,3,3,2,2,3,2,2,2,2,3,3,3,2,3,2,5,2,3,2,2,2,2,2,2,0,3.76,1.45,0,31,1,5222,Adjective,2.44
board,5,7,2,6,6,4,4,2,3,3,6,2,4,5,4,2,5,4,3,3,6,2,3,2,4,0,4.57,1,1,29,0.965517241,3272,Noun,3.88
body,2,7,3,5,2,6,6,5,5,4,2,4,5,7,5,2,2,3,9,2,4,2,5,4,6,0,4.79,0.49,0,29,1,9972,Noun,4.28
bond,7,2,8,7,7,4,2,3,2,5,2,5,2,2,3,4,5,4,4,2,2,5,6,3,2,0,3.62,1.21,0,29,1,1595,Name,3.92
book,5,7,5,7,7,2,3,5,4,4,3,8,2,2,2,2,3,2,3,2,2,4,6,2,4,0,4.9,0.31,0,29,1,9026,Noun,3.84
border,4,2,2,5,2,6,5,9,5,2,3,9,3,6,5,5,2,4,3,3,2,3,2,7,2,0,4.29,1.12,0,29,1,876,Noun,4.04
bottom,4,2,2,3,2,2,3,3,5,2,2,3,2,3,3,5,3,3,2,2,2,4,2,4,3,0,4.25,1.11,0,29,1,2546,Noun,2.84
bound,3,2,6,2,5,7,4,5,6,2,9,3,2,3,3,2,4,5,5,3,2,2,2,7,6,0,3.43,1.48,0,28,1,940,Verb,4
break,2,2,5,2,3,5,2,2,2,6,4,2,2,3,2,2,3,3,3,2,2,2,2,3,2,0,3.71,1.21,0,28,1,11275,Verb,2.72
bridge,3,2,3,3,3,7,4,2,5,2,4,2,4,2,6,3,3,2,6,3,2,4,4,6,2,0,4.97,0.19,1,29,0.966666667,2331,Noun,3.48
brief,9,2,6,10,2,2,3,4,4,2,3,2,2,7,8,2,2,4,6,3,8,8,2,9,3,0,2.38,1.12,0,30,1,732,Adjective,4.52
bring,2,2,2,5,5,4,2,9,2,3,2,2,5,4,5,6,4,9,3,4,3,2,3,2,3,0,2.55,1.43,0,27,1,16685,Verb,3.72
broad,6,2,3,2,6,4,3,3,3,2,2,2,2,5,2,2,6,6,2,2,2,4,2,2,2,0,2.45,1.43,0,30,1,751,Adjective,3.08
buffer,3,2,4,2,2,2,3,2,2,3,3,4,2,5,2,2,2,3,3,5,2,4,2,4,4,0,2.89,1.4,0,28,1,85,Noun,2.88
build,8,3,3,5,3,4,5,3,4,4,2,5,9,2,5,8,2,3,2,2,10,2,3,2,5,0,3.71,1.46,0,28,1,2452,Verb,4.16
building,2,3,7,5,4,3,2,4,6,10,7,2,6,9,6,5,5,7,3,6,4,2,7,2,4,0,4.64,0.91,0,29,1,5078,Noun,4.84
business,3,2,3,4,4,8,2,2,4,3,2,3,2,2,5,2,5,4,7,4,2,4,6,2,7,0,3.28,1.44,0,28,1,16371,Noun,3.68
but,8,2,4,3,5,2,2,5,3,4,3,5,2,5,2,2,3,3,2,3,3,6,2,9,4,0,2.04,1.34,0,29,1,225291,Conjunction,3.68
buy,2,4,2,2,2,4,3,2,2,3,3,3,2,2,2,2,3,4,3,2,2,2,2,2,2,0,3.35,1.23,0,28,1,9814,Verb,2.48
buyer,2,3,2,5,10,2,9,3,2,4,2,2,2,7,2,2,3,5,5,3,2,2,4,8,2,0,4.36,1.25,0,29,1,264,Noun,3.72
call,3,4,2,5,3,2,9,4,3,2,8,4,5,4,3,3,2,5,6,6,5,5,2,2,4,0,4,1.11,1,28,0.964285714,43931,Verb,4.04
camp,2,2,3,6,2,5,2,2,3,3,2,2,2,6,2,5,3,2,4,3,7,3,10,3,3,0,4.35,1.06,0,29,1,2612,Noun,3.48
campaign,2,2,3,2,2,3,3,2,4,3,2,3,4,3,2,4,2,2,2,2,2,6,3,5,2,0,3,1.33,0,28,1,856,Noun,2.8
capable,9,3,10,2,10,5,3,2,2,3,4,2,6,2,7,3,6,5,2,4,2,2,10,4,2,0,2.21,1.4,0,30,1,1062,Adjective,4.4
capacity,5,5,4,4,5,10,10,6,6,7,6,2,2,8,4,5,5,2,6,4,7,5,3,5,3,0,3.1,1.54,0,28,1,413,Noun,5.16
car,2,6,5,3,6,8,9,2,2,7,10,2,3,4,4,2,3,3,2,5,4,6,4,2,3,0,4.89,0.31,0,29,1,24636,Noun,4.28
care,4,4,2,2,4,5,6,5,2,5,3,6,3,4,3,7,3,8,4,5,3,6,5,6,4,0,2.33,1.14,0,27,1,24748,Verb,4.36
careful,2,9,7,2,10,7,8,5,2,7,3,2,5,2,3,3,2,6,2,8,9,2,2,3,3,0,1.86,1.03,0,30,1,5550,Adjective,4.56
carrier,2,7,2,9,4,2,2,2,2,2,2,4,3,3,3,2,4,2,2,9,2,8,2,2,2,0,4.2,1.15,3,29,0.892857143,326,Noun,3.36
carry,3,2,10,6,2,6,7,2,3,2,4,5,2,3,5,7,2,3,3,2,5,2,5,8,3,0,4.04,1.13,0,28,1,3361,Verb,4.08
case,4,3,5,4,2,2,6,3,6,2,7,5,4,2,2,5,2,3,2,4,6,2,5,2,2,0,3.93,1.28,1,29,0.966666667,14403,Noun,3.6
catch,2,5,2,2,4,3,5,5,2,6,2,3,2,6,4,5,6,5,4,4,4,6,2,6,5,0,4.11,1.29,0,28,1,6911,Verb,4
cause,2,4,3,3,10,3,9,3,2,9,9,2,2,2,3,4,3,3,4,8,2,2,3,4,2,0,2.43,1.4,0,28,1,15812,Noun,4.04
ceiling,2,7,2,2,5,3,5,7,3,3,5,2,2,3,2,2,2,2,5,6,2,2,2,2,3,0,4.85,0.46,0,29,1,426,Noun,3.24
center,2,3,2,5,7,2,9,5,2,2,3,2,2,2,3,2,2,3,5,2,7,5,2,2,2,0,3.85,1.26,0,29,1,2335,Noun,3.32
challenge,9,6,6,3,9,2,2,2,5,5,2,2,7,5,2,5,2,4,4,2,7,4,5,6,4,0,2.11,1.31,0,28,1,1013,Noun,4.4
chance,5,2,3,4,10,10,7,10,2,2,6,2,2,2,5,3,3,2,2,2,3,4,10,2,5,0,1.64,0.99,1,28,0.965517241,12303,Noun,4.32
change,3,4,5,2,2,4,4,6,8,2,2,2,3,2,3,2,3,3,4,5,2,3,3,2,3,0,2.89,1.57,0,28,1,12258,Verb,3.28
channel,3,4,4,5,3,4,2,5,5,6,6,6,4,6,2,5,3,2,3,7,2,2,3,2,2,0,4.18,1.16,1,29,0.965517241,1245,Noun,3.84
chapter,4,2,2,3,2,2,3,5,6,2,3,4,4,2,2,2,3,5,7,2,2,3,7,3,5,0,3.43,1.26,0,29,1,604,Noun,3.4
character,2,2,5,7,6,2,3,10,8,2,10,8,7,2,9,4,6,9,10,9,10,8,2,8,10,0,2.93,1.66,0,28,1,1946,Noun,6.36
charge,2,9,8,10,4,2,10,10,2,2,7,2,2,2,7,3,5,7,8,2,2,6,5,8,3,0,2.96,1.2,0,28,1,4559,Noun,5.12
check,6,3,2,5,2,2,2,3,4,4,4,3,3,4,2,2,4,4,4,3,3,3,5,2,5,0,4.11,1.34,0,28,1,14228,Verb,3.36
chemical,8,8,8,10,5,9,7,9,3,2,9,8,7,4,4,6,8,9,8,10,5,5,6,4,9,0,3.86,1.24,0,31,1,579,Adjective,6.84
chief,2,2,2,3,2,2,2,5,7,2,3,2,3,2,2,8,2,8,5,2,2,2,3,2,3,0,4.26,1.13,0,29,1,3973,Noun,3.12
choose,4,2,3,4,6,5,7,2,2,4,6,2,3,4,5,2,9,4,2,2,2,3,2,8,4,0,2.62,1.45,0,27,1,2451,Verb,3.88
church,9,3,5,4,4,4,9,10,2,5,7,10,4,2,7,2,2,2,2,9,4,2,4,4,2,0,4.9,0.41,0,29,1,3553,Noun,4.72
circle,2,3,4,4,4,3,4,2,2,4,3,2,2,5,2,2,3,6,2,2,4,3,3,2,4,0,4.44,0.97,0,29,1,1097,Noun,3.08
city,8,2,2,4,3,8,6,2,6,2,2,5,2,3,2,7,3,2,2,6,2,9,6,6,7,0,4.79,0.57,1,29,0.965517241,8624,Noun,4.28
civil,5,5,4,3,6,2,6,7,2,4,2,5,3,3,5,5,2,2,4,3,2,4,2,2,2,0,2.07,1.33,0,30,1,813,Adjective,3.6
claim,9,2,9,3,4,6,3,2,4,2,2,4,2,8,10,6,3,2,9,3,8,4,8,6,3,0,2.96,1.48,0,28,1,1295,Verb,4.88
class,4,4,5,2,10,10,9,2,7,2,7,6,2,4,3,8,2,5,3,4,3,6,2,9,4,0,3.85,1.32,0,29,1,5985,Noun,4.92
clause,6,4,5,5,3,4,2,3,9,2,2,6,2,2,5,2,6,3,6,6,5,4,5,4,2,0,2.73,1.48,0,28,1,143,Noun,4.12
clean,2,4,9,5,2,2,7,9,6,2,2,9,2,3,6,3,4,8,4,5,5,2,2,3,3,0,3.07,1.41,0,30,1,6183,Adjective,4.36
clear,2,7,3,5,2,5,5,7,3,3,2,4,8,3,2,10,4,3,2,8,3,4,9,4,4,0,3.55,1.3,0,31,1,8763,Adjective,4.48
climate,2,4,3,2,2,3,3,2,3,2,2,4,5,5,3,6,2,9,3,5,8,4,2,4,5,0,3.5,1.48,0,29,1,180,Noun,3.72
close,7,2,2,10,6,5,2,2,4,5,7,2,7,2,4,2,2,4,8,2,7,3,3,2,2,0,3.2,1.32,0,30,1,11191,Adjective,4.08
closed,2,3,2,9,2,2,2,2,3,4,3,2,2,7,10,3,2,8,3,2,6,3,10,5,2,0,3.37,1.5,0,28,1,2758,Verb,3.96
closely,2,8,2,5,2,4,2,2,9,3,3,10,4,2,3,4,3,2,3,4,3,10,8,2,3,0,2.46,1.29,0,30,1,468,Adverb,4.12
cluster,6,2,2,9,4,8,3,4,2,3,2,3,5,7,3,3,4,2,3,3,2,3,5,2,6,0,4.04,1.45,1,29,0.964285714,67,Noun,3.84
cold,2,3,2,3,2,2,4,2,2,3,3,4,4,3,2,2,3,4,3,2,2,3,3,5,2,0,3.85,1.3,5,31,0.999150671,6638,Adjective,2.8
collect,3,2,2,2,2,2,2,4,3,3,5,5,3,2,2,2,2,2,3,2,2,3,2,3,3,0,3.34,1.32,0,28,1,1020,Verb,2.64
colonial,10,7,2,2,6,10,6,9,6,2,10,6,2,2,10,3,3,2,8,2,2,9,6,9,8,0,2.75,1.38,0,30,1,105,Adjective,5.68
color,10,3,7,5,5,10,8,9,5,2,7,10,5,4,9,3,7,8,9,6,5,9,10,6,3,0,4.08,1.38,0,29,1,2011,Noun,6.6
combat,7,3,2,5,3,10,5,2,8,2,9,8,10,9,4,7,9,2,3,2,4,2,7,2,10,0,3.67,1.27,0,29,1,706,Noun,5.4
combine,3,2,4,3,2,3,2,3,2,2,4,2,2,4,4,2,2,2,2,4,5,2,3,3,2,0,3.41,1.32,0,28,1,113,Verb,2.76
come,2,2,3,2,5,4,3,2,2,3,2,5,2,3,7,2,5,4,5,2,2,3,3,6,2,0,2.72,1.67,0,27,1,160190,Verb,3.24
command,2,2,3,3,2,2,2,4,2,4,2,2,2,2,2,2,2,2,2,3,4,3,7,9,2,0,2.48,1.24,0,28,1,2225,Noun,2.88
commence,2,7,4,3,3,2,5,2,2,2,3,2,2,3,2,2,2,5,3,2,2,2,6,3,8,0,2.83,1.07,0,28,1,235,Verb,3.16
commercial,7,5,2,3,9,3,2,3,3,2,3,2,3,3,2,2,4,3,5,2,2,3,10,2,6,0,3.24,1.55,0,30,1,829,Adjective,3.64
commit,5,4,3,7,2,4,7,10,2,10,2,3,6,2,4,6,2,2,6,10,4,9,2,5,3,0,2.17,1.2,0,27,1,984,Verb,4.8
committee,4,5,4,6,3,3,5,4,5,6,5,5,5,4,5,5,5,2,4,6,4,2,5,2,3,0,4.14,0.99,0,29,1,1123,Noun,4.28
common,2,4,4,6,5,2,6,5,3,5,2,7,4,2,4,2,2,2,4,2,4,5,3,5,2,0,2.07,1.01,0,30,1,2275,Adjective,3.68
communication,9,3,3,2,2,2,2,2,8,4,3,9,2,3,4,5,6,2,4,2,3,2,5,9,2,0,2.9,1.54,0,28,1,528,Noun,3.92
community,3,4,4,3,3,3,7,2,7,7,3,7,3,3,6,2,2,2,3,3,2,6,4,3,2,0,3.52,1.37,0,29,1,1486,Noun,3.76
company,10,3,10,2,2,2,4,8,2,8,3,2,7,9,2,2,2,3,2,3,3,4,2,2,7,0,4.11,1.15,0,29,1,7507,Noun,4.16
competitive,7,8,6,10,9,2,3,2,10,3,7,5,2,2,2,4,4,2,2,2,4,10,8,6,2,0,1.89,1.05,0,30,1,214,Adjective,4.88
complement,6,5,3,8,4,2,4,2,2,4,2,2,5,4,2,3,4,2,4,3,3,3,2,6,8,0,2,1.12,0,28,1,39,Noun,3.72
complete,7,2,2,2,5,10,2,5,2,2,2,4,3,2,4,2,2,7,4,2,2,5,2,2,2,0,2.7,1.39,0,30,1,2636,Adjective,3.36
completion,9,6,10,2,2,9,9,8,4,2,3,9,10,3,9,8,2,5,9,8,8,7,7,4,4,0,2.33,1.24,0,28,1,79,Noun,6.28
complex,2,3,2,2,2,2,3,3,2,3,5,10,3,2,2,9,2,2,2,4,3,3,5,2,6,0,1.96,1.13,0,30,1,669,Adjective,3.36
composition,6,4,4,3,2,3,2,3,2,4,3,3,2,2,4,2,3,9,6,3,3,8,6,3,2,0,3.1,1.59,0,28,1,124,Noun,3.68
compound,5,5,5,5,3,5,3,2,3,4,4,4,5,2,4,5,2,3,2,5,4,4,4,3,3,0,3.03,1.43,0,28,1,361,Noun,3.76
concentrated,3,4,8,3,2,2,4,8,2,5,8,2,2,4,2,4,8,2,2,6,2,4,4,6,2,0,2.38,1.21,0,27,1,99,Verb,3.96
concentration,2,3,4,8,2,6,5,6,6,8,2,5,5,6,5,4,4,2,5,4,6,4,6,3,3,0,2.1,1.08,0,28,1,282,Noun,4.56
concern,6,6,4,2,3,6,6,3,2,7,6,4,2,2,3,4,4,2,2,6,5,2,2,2,2,0,1.7,1.02,0,28,1,1332,Noun,3.72
conclude,2,2,4,3,9,7,2,2,5,10,10,4,2,3,10,5,2,2,2,5,2,2,3,2,4,0,1.78,1.01,0,27,1,127,Verb,4.16
conclusion,3,2,3,5,2,2,2,3,2,3,5,4,2,3,3,3,2,2,5,3,2,6,6,3,3,0,2.11,1.1,0,28,1,465,Noun,3.16
concrete,2,2,5,3,2,4,2,2,2,4,7,2,3,5,2,3,4,2,5,2,2,2,2,4,5,0,4.59,1.05,0,32,1,379,Adjective,3.12
condition,9,2,4,2,5,2,5,2,10,5,5,9,5,2,10,6,3,4,2,5,5,7,3,7,6,0,2.15,1.23,0,28,1,1936,Noun,5
conduct,2,2,4,5,5,3,3,7,5,3,3,3,2,2,4,7,2,6,2,2,3,2,5,6,2,0,2.08,1.2,0,27,1,566,Verb,3.6
conference,4,5,2,7,4,4,6,5,3,6,4,6,4,3,5,5,7,5,7,5,5,3,9,2,3,0,3.86,1.27,0,29,1,1296,Noun,4.76
confidence,10,7,2,3,3,2,3,2,2,6,2,2,4,2,2,2,2,2,2,2,3,2,4,2,2,0,2.17,1.12,0,28,1,993,Noun,3
